dataset,client_id,matrix_type,neighbor_type,mean_label_sim_to_client
NSLKDD,0,label_affinity,topn,0.9922789007825382
NSLKDD,0,label_affinity,random_n,0.16195230361987945
NSLKDD,1,label_affinity,topn,0.9715254305658586
NSLKDD,1,label_affinity,random_n,0.1979451161710728
NSLKDD,2,label_affinity,topn,0.8403624687953496
NSLKDD,2,label_affinity,random_n,0.1834276267063948
NSLKDD,3,label_affinity,topn,0.9695432933631613
NSLKDD,3,label_affinity,random_n,0.601813873194692
NSLKDD,4,label_affinity,topn,0.9903739173183471
NSLKDD,4,label_affinity,random_n,0.06885034397041426
NSLKDD,5,label_affinity,topn,0.9030672164235333
NSLKDD,5,label_affinity,random_n,0.3481401314870289
NSLKDD,6,label_affinity,topn,0.9718356177262343
NSLKDD,6,label_affinity,random_n,0.32752258913477206
NSLKDD,7,label_affinity,topn,0.9698724324708922
NSLKDD,7,label_affinity,random_n,0.49533405856036694
NSLKDD,8,label_affinity,topn,0.8341351742955657
NSLKDD,8,label_affinity,random_n,0.42105698712157397
NSLKDD,9,label_affinity,topn,0.900210208712641
NSLKDD,9,label_affinity,random_n,0.4896046379189712
NSLKDD,10,label_affinity,topn,0.9999648675329357
NSLKDD,10,label_affinity,random_n,0.035883730879029185
NSLKDD,11,label_affinity,topn,0.912554580645224
NSLKDD,11,label_affinity,random_n,0.5930471792247306
NSLKDD,12,label_affinity,topn,0.9384355684878601
NSLKDD,12,label_affinity,random_n,0.5520100699908891
NSLKDD,13,label_affinity,topn,0.9713726141984423
NSLKDD,13,label_affinity,random_n,0.6656038407230083
NSLKDD,14,label_affinity,topn,0.9978813480278902
NSLKDD,14,label_affinity,random_n,0.6786439202376257
NSLKDD,15,label_affinity,topn,0.8354514175029122
NSLKDD,15,label_affinity,random_n,0.6638134532645414
NSLKDD,16,label_affinity,topn,0.9907063848140646
NSLKDD,16,label_affinity,random_n,0.5043108001811578
NSLKDD,17,label_affinity,topn,0.9520752489751342
NSLKDD,17,label_affinity,random_n,0.5957232450944886
NSLKDD,18,label_affinity,topn,0.9909603606942934
NSLKDD,18,label_affinity,random_n,0.26361204933567955
NSLKDD,19,label_affinity,topn,0.9896886637885777
NSLKDD,19,label_affinity,random_n,0.33525628220971404
NSLKDD,20,label_affinity,topn,0.9806558779703155
NSLKDD,20,label_affinity,random_n,0.5630896268050406
NSLKDD,21,label_affinity,topn,0.886178531082817
NSLKDD,21,label_affinity,random_n,0.3711230270583119
NSLKDD,22,label_affinity,topn,0.9957780952340082
NSLKDD,22,label_affinity,random_n,0.6502628316325822
NSLKDD,23,label_affinity,topn,0.9552104258678092
NSLKDD,23,label_affinity,random_n,0.3862715749371873
NSLKDD,24,label_affinity,topn,1.0
NSLKDD,24,label_affinity,random_n,0.41737546461739994
NSLKDD,25,label_affinity,topn,0.9697702675208713
NSLKDD,25,label_affinity,random_n,0.43599386220554953
NSLKDD,26,label_affinity,topn,0.9902827456363612
NSLKDD,26,label_affinity,random_n,0.6450668635512173
NSLKDD,27,label_affinity,topn,0.9664690271854406
NSLKDD,27,label_affinity,random_n,0.23752209824141926
NSLKDD,28,label_affinity,topn,0.8518107544977026
NSLKDD,28,label_affinity,random_n,0.47743805600722883
NSLKDD,29,label_affinity,topn,0.9997647335204197
NSLKDD,29,label_affinity,random_n,0.344845689989586
NSLKDD,30,label_affinity,topn,0.9999648675329357
NSLKDD,30,label_affinity,random_n,0.34249214974837616
NSLKDD,31,label_affinity,topn,0.9894108145690058
NSLKDD,31,label_affinity,random_n,0.3668775010651377
NSLKDD,32,label_affinity,topn,0.9596545938588835
NSLKDD,32,label_affinity,random_n,0.4451752757911262
NSLKDD,33,label_affinity,topn,0.9062564716980894
NSLKDD,33,label_affinity,random_n,0.5944727068643548
NSLKDD,34,label_affinity,topn,0.9919147689910656
NSLKDD,34,label_affinity,random_n,0.5784956585758835
NSLKDD,35,label_affinity,topn,0.9043727771123594
NSLKDD,35,label_affinity,random_n,0.5573908895234122
NSLKDD,36,label_affinity,topn,0.9564518807659596
NSLKDD,36,label_affinity,random_n,0.6436404284854026
NSLKDD,37,label_affinity,topn,0.8991993402854265
NSLKDD,37,label_affinity,random_n,0.6643843736437686
NSLKDD,38,label_affinity,topn,0.9319744260526436
NSLKDD,38,label_affinity,random_n,0.362888331121816
NSLKDD,39,label_affinity,topn,0.8305792434253222
NSLKDD,39,label_affinity,random_n,0.0963758095054175
NSLKDD,40,label_affinity,topn,0.9912617607948085
NSLKDD,40,label_affinity,random_n,0.568753434954726
NSLKDD,41,label_affinity,topn,0.9321226947535615
NSLKDD,41,label_affinity,random_n,0.7031230693816081
NSLKDD,42,label_affinity,topn,0.9517926790108638
NSLKDD,42,label_affinity,random_n,0.2136855502646073
NSLKDD,43,label_affinity,topn,0.9820742832927691
NSLKDD,43,label_affinity,random_n,0.5255358673603031
NSLKDD,44,label_affinity,topn,0.9849552533596753
NSLKDD,44,label_affinity,random_n,0.21184246638857893
NSLKDD,45,label_affinity,topn,0.974463240771002
NSLKDD,45,label_affinity,random_n,0.08623854718305175
NSLKDD,46,label_affinity,topn,0.984990255849274
NSLKDD,46,label_affinity,random_n,0.2203930052842741
NSLKDD,47,label_affinity,topn,0.9807473036073336
NSLKDD,47,label_affinity,random_n,0.682132056438555
NSLKDD,48,label_affinity,topn,0.9943684287279259
NSLKDD,48,label_affinity,random_n,0.3229502106827997
NSLKDD,49,label_affinity,topn,0.9219713722296552
NSLKDD,49,label_affinity,random_n,0.5435328057884511
NSLKDD,0,random,topn,0.7112422699543868
NSLKDD,0,random,random_n,0.44098815357490856
NSLKDD,1,random,topn,0.6523230930239969
NSLKDD,1,random,random_n,0.1438710556844451
NSLKDD,2,random,topn,0.3887249341169537
NSLKDD,2,random,random_n,0.3792377818036048
NSLKDD,3,random,topn,0.5851711976654536
NSLKDD,3,random,random_n,0.43194588441790954
NSLKDD,4,random,topn,0.4321745171081431
NSLKDD,4,random,random_n,0.8434677797068005
NSLKDD,5,random,topn,0.19105130494690015
NSLKDD,5,random,random_n,0.24943960037879498
NSLKDD,6,random,topn,0.5576456926671416
NSLKDD,6,random,random_n,0.5146236960081071
NSLKDD,7,random,topn,0.5243684538996446
NSLKDD,7,random,random_n,0.5220305963995174
NSLKDD,8,random,topn,0.06728542676395699
NSLKDD,8,random,random_n,0.11357131698680221
NSLKDD,9,random,topn,0.4160036948171675
NSLKDD,9,random,random_n,0.4168060218544924
NSLKDD,10,random,topn,0.6976251400196206
NSLKDD,10,random,random_n,0.3451122024431079
NSLKDD,11,random,topn,0.5819146259057938
NSLKDD,11,random,random_n,0.504107491210952
NSLKDD,12,random,topn,0.42776745893872375
NSLKDD,12,random,random_n,0.6041063049351793
NSLKDD,13,random,topn,0.23736686841904472
NSLKDD,13,random,random_n,0.3768237365434133
NSLKDD,14,random,topn,0.3628333458740421
NSLKDD,14,random,random_n,0.6223116161841026
NSLKDD,15,random,topn,0.5203067302490161
NSLKDD,15,random,random_n,0.5116776636386701
NSLKDD,16,random,topn,0.9826591489436917
NSLKDD,16,random,random_n,0.9138823043343485
NSLKDD,17,random,topn,0.5866644717734957
NSLKDD,17,random,random_n,0.16349696220345641
NSLKDD,18,random,topn,0.6629091251130218
NSLKDD,18,random,random_n,0.3815989842572889
NSLKDD,19,random,topn,0.6671857091164363
NSLKDD,19,random,random_n,0.6907608617536946
NSLKDD,20,random,topn,0.10011366570142238
NSLKDD,20,random,random_n,0.06701453722378008
NSLKDD,21,random,topn,0.5724011818096074
NSLKDD,21,random,random_n,0.6267870588825524
NSLKDD,22,random,topn,0.3269093796600347
NSLKDD,22,random,random_n,0.3384019795360413
NSLKDD,23,random,topn,0.0
NSLKDD,23,random,random_n,0.36451316889644986
NSLKDD,24,random,topn,0.3648069710500346
NSLKDD,24,random,random_n,0.08435467413758724
NSLKDD,25,random,topn,0.5781728949632391
NSLKDD,25,random,random_n,0.5583539486836887
NSLKDD,26,random,topn,0.4068867271344289
NSLKDD,26,random,random_n,0.025242482024879217
NSLKDD,27,random,topn,0.5137631417390544
NSLKDD,27,random,random_n,0.32470812165390317
NSLKDD,28,random,topn,0.5481388798384672
NSLKDD,28,random,random_n,0.19237380314223232
NSLKDD,29,random,topn,0.3528169139443466
NSLKDD,29,random,random_n,0.3135563976914005
NSLKDD,30,random,topn,0.41862565323351547
NSLKDD,30,random,random_n,0.09555448794031918
NSLKDD,31,random,topn,0.6642474915193871
NSLKDD,31,random,random_n,0.7050458795242172
NSLKDD,32,random,topn,0.47700287047625795
NSLKDD,32,random,random_n,0.6551530181162729
NSLKDD,33,random,topn,0.44890929298375
NSLKDD,33,random,random_n,0.490573356972996
NSLKDD,34,random,topn,0.2782502816068883
NSLKDD,34,random,random_n,0.5090600278218712
NSLKDD,35,random,topn,0.7304645853608857
NSLKDD,35,random,random_n,0.8446106500278234
NSLKDD,36,random,topn,0.5360927030271138
NSLKDD,36,random,random_n,0.6504515960594693
NSLKDD,37,random,topn,0.7705529962355446
NSLKDD,37,random,random_n,0.49263657974670233
NSLKDD,38,random,topn,0.941520735213373
NSLKDD,38,random,random_n,0.29280614363934976
NSLKDD,39,random,topn,0.11554881839288357
NSLKDD,39,random,random_n,0.1594681946340453
NSLKDD,40,random,topn,0.4044229849783156
NSLKDD,40,random,random_n,0.14508072755547566
NSLKDD,41,random,topn,0.5479018197967559
NSLKDD,41,random,random_n,0.664364353064801
NSLKDD,42,random,topn,0.32384892379769575
NSLKDD,42,random,random_n,0.14800969796015273
NSLKDD,43,random,topn,0.5674741471624567
NSLKDD,43,random,random_n,0.5005599676406658
NSLKDD,44,random,topn,0.12109765443605351
NSLKDD,44,random,random_n,0.3343735743369222
NSLKDD,45,random,topn,0.4407142983139298
NSLKDD,45,random,random_n,0.7923829083492023
NSLKDD,46,random,topn,0.5889861413647995
NSLKDD,46,random,random_n,0.1253751838882892
NSLKDD,47,random,topn,0.06292884567291472
NSLKDD,47,random,random_n,0.6566406526434526
NSLKDD,48,random,topn,0.7477808095409325
NSLKDD,48,random,random_n,0.06876774847033086
NSLKDD,49,random,topn,0.22874165765938737
NSLKDD,49,random,random_n,0.2732657342775855
NSLKDD,0,label_affinity,topn,0.9922789007825382
NSLKDD,0,label_affinity,random_n,0.4613725008945178
NSLKDD,1,label_affinity,topn,0.9715254305658586
NSLKDD,1,label_affinity,random_n,0.47919650652538825
NSLKDD,2,label_affinity,topn,0.8403624687953496
NSLKDD,2,label_affinity,random_n,0.22614439496940178
NSLKDD,3,label_affinity,topn,0.9695432933631613
NSLKDD,3,label_affinity,random_n,0.4868407593534587
NSLKDD,4,label_affinity,topn,0.9903739173183471
NSLKDD,4,label_affinity,random_n,0.42094793323255986
NSLKDD,5,label_affinity,topn,0.9030672164235333
NSLKDD,5,label_affinity,random_n,0.24162426348162921
NSLKDD,6,label_affinity,topn,0.9718356177262343
NSLKDD,6,label_affinity,random_n,0.31604019128254807
NSLKDD,7,label_affinity,topn,0.9698724324708922
NSLKDD,7,label_affinity,random_n,0.4485419815972078
NSLKDD,8,label_affinity,topn,0.8341351742955657
NSLKDD,8,label_affinity,random_n,0.2469740935355801
NSLKDD,9,label_affinity,topn,0.900210208712641
NSLKDD,9,label_affinity,random_n,0.6199104514244967
NSLKDD,10,label_affinity,topn,0.9999648675329357
NSLKDD,10,label_affinity,random_n,0.29800708717033314
NSLKDD,11,label_affinity,topn,0.912554580645224
NSLKDD,11,label_affinity,random_n,0.4249437636262355
NSLKDD,12,label_affinity,topn,0.9384355684878601
NSLKDD,12,label_affinity,random_n,0.4287882721997917
NSLKDD,13,label_affinity,topn,0.9713726141984423
NSLKDD,13,label_affinity,random_n,0.32995706304889183
NSLKDD,14,label_affinity,topn,0.9978813480278902
NSLKDD,14,label_affinity,random_n,0.3512809190023401
NSLKDD,15,label_affinity,topn,0.8354514175029122
NSLKDD,15,label_affinity,random_n,0.19639576300237546
NSLKDD,16,label_affinity,topn,0.9907063848140646
NSLKDD,16,label_affinity,random_n,0.9722182120825332
NSLKDD,17,label_affinity,topn,0.9520752489751342
NSLKDD,17,label_affinity,random_n,0.4869160790634921
NSLKDD,18,label_affinity,topn,0.9909603606942934
NSLKDD,18,label_affinity,random_n,0.4838070255344513
NSLKDD,19,label_affinity,topn,0.9896886637885777
NSLKDD,19,label_affinity,random_n,0.9092349755924914
NSLKDD,20,label_affinity,topn,0.9806558779703155
NSLKDD,20,label_affinity,random_n,0.14742753572252584
NSLKDD,21,label_affinity,topn,0.886178531082817
NSLKDD,21,label_affinity,random_n,0.5076065344461015
NSLKDD,22,label_affinity,topn,0.9957780952340082
NSLKDD,22,label_affinity,random_n,0.7791819714658628
NSLKDD,23,label_affinity,topn,0.9552104258678092
NSLKDD,23,label_affinity,random_n,0.12179617427246818
NSLKDD,24,label_affinity,topn,1.0
NSLKDD,24,label_affinity,random_n,0.657520615881697
NSLKDD,25,label_affinity,topn,0.9697702675208713
NSLKDD,25,label_affinity,random_n,0.6110391798871974
NSLKDD,26,label_affinity,topn,0.9902827456363612
NSLKDD,26,label_affinity,random_n,0.11983298320223727
NSLKDD,27,label_affinity,topn,0.9664690271854406
NSLKDD,27,label_affinity,random_n,0.42764552646042836
NSLKDD,28,label_affinity,topn,0.8518107544977026
NSLKDD,28,label_affinity,random_n,0.6698495372288674
NSLKDD,29,label_affinity,topn,0.9997647335204197
NSLKDD,29,label_affinity,random_n,0.3348711311658141
NSLKDD,30,label_affinity,topn,0.9999648675329357
NSLKDD,30,label_affinity,random_n,0.05582103942912895
NSLKDD,31,label_affinity,topn,0.9894108145690058
NSLKDD,31,label_affinity,random_n,0.08962000974982487
NSLKDD,32,label_affinity,topn,0.9596545938588835
NSLKDD,32,label_affinity,random_n,0.7039194420859
NSLKDD,33,label_affinity,topn,0.9062564716980894
NSLKDD,33,label_affinity,random_n,0.4350726292973705
NSLKDD,34,label_affinity,topn,0.9919147689910656
NSLKDD,34,label_affinity,random_n,0.3239231209806207
NSLKDD,35,label_affinity,topn,0.9043727771123594
NSLKDD,35,label_affinity,random_n,0.6266212024536797
NSLKDD,36,label_affinity,topn,0.9564518807659596
NSLKDD,36,label_affinity,random_n,0.8495724769108075
NSLKDD,37,label_affinity,topn,0.8991993402854265
NSLKDD,37,label_affinity,random_n,0.7330905454255129
NSLKDD,38,label_affinity,topn,0.9319744260526436
NSLKDD,38,label_affinity,random_n,0.6401794695511187
NSLKDD,39,label_affinity,topn,0.8305792434253222
NSLKDD,39,label_affinity,random_n,0.20120793217092625
NSLKDD,40,label_affinity,topn,0.9912617607948085
NSLKDD,40,label_affinity,random_n,0.395277705765592
NSLKDD,41,label_affinity,topn,0.9321226947535615
NSLKDD,41,label_affinity,random_n,0.6670924316674398
NSLKDD,42,label_affinity,topn,0.9517926790108638
NSLKDD,42,label_affinity,random_n,0.4162448666246091
NSLKDD,43,label_affinity,topn,0.9820742832927691
NSLKDD,43,label_affinity,random_n,0.28884812946922783
NSLKDD,44,label_affinity,topn,0.9849552533596753
NSLKDD,44,label_affinity,random_n,0.6306308527691372
NSLKDD,45,label_affinity,topn,0.974463240771002
NSLKDD,45,label_affinity,random_n,0.3839468064087265
NSLKDD,46,label_affinity,topn,0.984990255849274
NSLKDD,46,label_affinity,random_n,0.7109401126394693
NSLKDD,47,label_affinity,topn,0.9807473036073336
NSLKDD,47,label_affinity,random_n,0.6884310235368313
NSLKDD,48,label_affinity,topn,0.9943684287279259
NSLKDD,48,label_affinity,random_n,0.7867089625841782
NSLKDD,49,label_affinity,topn,0.9219713722296552
NSLKDD,49,label_affinity,random_n,0.6493662040509337
NSLKDD,0,random,topn,0.7112422699543868
NSLKDD,0,random,random_n,0.19456503059140373
NSLKDD,1,random,topn,0.6523230930239969
NSLKDD,1,random,random_n,0.5219321278253832
NSLKDD,2,random,topn,0.3887249341169537
NSLKDD,2,random,random_n,0.4130254797292557
NSLKDD,3,random,topn,0.5851711976654536
NSLKDD,3,random,random_n,0.5419669725190559
NSLKDD,4,random,topn,0.4321745171081431
NSLKDD,4,random,random_n,0.3426556811588823
NSLKDD,5,random,topn,0.19105130494690015
NSLKDD,5,random,random_n,0.40795668121962647
NSLKDD,6,random,topn,0.5576456926671416
NSLKDD,6,random,random_n,0.42098896654467516
NSLKDD,7,random,topn,0.5243684538996446
NSLKDD,7,random,random_n,0.5205047547092335
NSLKDD,8,random,topn,0.06728542676395699
NSLKDD,8,random,random_n,0.34013068855712686
NSLKDD,9,random,topn,0.4160036948171675
NSLKDD,9,random,random_n,0.7866818867071806
NSLKDD,10,random,topn,0.6976251400196206
NSLKDD,10,random,random_n,0.6801723447214078
NSLKDD,11,random,topn,0.5819146259057938
NSLKDD,11,random,random_n,0.6564693555673846
NSLKDD,12,random,topn,0.42776745893872375
NSLKDD,12,random,random_n,0.6201325543326102
NSLKDD,13,random,topn,0.23736686841904472
NSLKDD,13,random,random_n,0.8298993287583184
NSLKDD,14,random,topn,0.3628333458740421
NSLKDD,14,random,random_n,0.40411112226900087
NSLKDD,15,random,topn,0.5203067302490161
NSLKDD,15,random,random_n,0.42866529858703
NSLKDD,16,random,topn,0.9826591489436917
NSLKDD,16,random,random_n,0.6450925498598595
NSLKDD,17,random,topn,0.5866644717734957
NSLKDD,17,random,random_n,0.3340611176910901
NSLKDD,18,random,topn,0.6629091251130218
NSLKDD,18,random,random_n,0.3813875086270339
NSLKDD,19,random,topn,0.6671857091164363
NSLKDD,19,random,random_n,0.9897237962556419
NSLKDD,20,random,topn,0.10011366570142238
NSLKDD,20,random,random_n,0.15574399954025506
NSLKDD,21,random,topn,0.5724011818096074
NSLKDD,21,random,random_n,0.6343885786124938
NSLKDD,22,random,topn,0.3269093796600347
NSLKDD,22,random,random_n,0.42941057474411165
NSLKDD,23,random,topn,0.0
NSLKDD,23,random,random_n,0.33632566472606906
NSLKDD,24,random,topn,0.3648069710500346
NSLKDD,24,random,random_n,0.6176032292886352
NSLKDD,25,random,topn,0.5781728949632391
NSLKDD,25,random,random_n,0.9331553297499621
NSLKDD,26,random,topn,0.4068867271344289
NSLKDD,26,random,random_n,0.668503837863263
NSLKDD,27,random,topn,0.5137631417390544
NSLKDD,27,random,random_n,0.9140403455583551
NSLKDD,28,random,topn,0.5481388798384672
NSLKDD,28,random,random_n,0.3993285582909658
NSLKDD,29,random,topn,0.3528169139443466
NSLKDD,29,random,random_n,0.3286942431865403
NSLKDD,30,random,topn,0.41862565323351547
NSLKDD,30,random,random_n,0.3720759836230038
NSLKDD,31,random,topn,0.6642474915193871
NSLKDD,31,random,random_n,0.5465573342404464
NSLKDD,32,random,topn,0.47700287047625795
NSLKDD,32,random,random_n,0.2862265396022569
NSLKDD,33,random,topn,0.44890929298375
NSLKDD,33,random,random_n,0.46156262005098975
NSLKDD,34,random,topn,0.2782502816068883
NSLKDD,34,random,random_n,0.4208113817246972
NSLKDD,35,random,topn,0.7304645853608857
NSLKDD,35,random,random_n,0.463282391966848
NSLKDD,36,random,topn,0.5360927030271138
NSLKDD,36,random,random_n,0.2692427956096905
NSLKDD,37,random,topn,0.7705529962355446
NSLKDD,37,random,random_n,0.6334560156562915
NSLKDD,38,random,topn,0.941520735213373
NSLKDD,38,random,random_n,0.06061004105500476
NSLKDD,39,random,topn,0.11554881839288357
NSLKDD,39,random,random_n,0.008673223115212826
NSLKDD,40,random,topn,0.4044229849783156
NSLKDD,40,random,random_n,0.14508072755547566
NSLKDD,41,random,topn,0.5479018197967559
NSLKDD,41,random,random_n,0.01395903929809307
NSLKDD,42,random,topn,0.32384892379769575
NSLKDD,42,random,random_n,0.2072511747544922
NSLKDD,43,random,topn,0.5674741471624567
NSLKDD,43,random,random_n,0.3318712146464059
NSLKDD,44,random,topn,0.12109765443605351
NSLKDD,44,random,random_n,0.3308819600989982
NSLKDD,45,random,topn,0.4407142983139298
NSLKDD,45,random,random_n,0.40935576187388684
NSLKDD,46,random,topn,0.5889861413647995
NSLKDD,46,random,random_n,0.6357414159324385
NSLKDD,47,random,topn,0.06292884567291472
NSLKDD,47,random,random_n,0.2405302278801673
NSLKDD,48,random,topn,0.7477808095409325
NSLKDD,48,random,random_n,0.18983048572167557
NSLKDD,49,random,topn,0.22874165765938737
NSLKDD,49,random,random_n,0.5315217093994181
NSLKDD,0,label_affinity,topn,0.9922789007825382
NSLKDD,0,label_affinity,random_n,0.43758692009740635
NSLKDD,1,label_affinity,topn,0.9715254305658586
NSLKDD,1,label_affinity,random_n,0.42533582437124884
NSLKDD,2,label_affinity,topn,0.8403624687953496
NSLKDD,2,label_affinity,random_n,0.41671469524572724
NSLKDD,3,label_affinity,topn,0.9695432933631613
NSLKDD,3,label_affinity,random_n,0.7881492052807308
NSLKDD,4,label_affinity,topn,0.9903739173183471
NSLKDD,4,label_affinity,random_n,0.6813097444379158
NSLKDD,5,label_affinity,topn,0.9030672164235333
NSLKDD,5,label_affinity,random_n,0.20187252627564925
NSLKDD,6,label_affinity,topn,0.9718356177262343
NSLKDD,6,label_affinity,random_n,0.46461564850763093
NSLKDD,7,label_affinity,topn,0.9698724324708922
NSLKDD,7,label_affinity,random_n,0.5036737156874286
NSLKDD,8,label_affinity,topn,0.8341351742955657
NSLKDD,8,label_affinity,random_n,0.07804317424263905
NSLKDD,9,label_affinity,topn,0.900210208712641
NSLKDD,9,label_affinity,random_n,0.6393842594373867
NSLKDD,10,label_affinity,topn,0.9999648675329357
NSLKDD,10,label_affinity,random_n,0.0354036989823461
NSLKDD,11,label_affinity,topn,0.912554580645224
NSLKDD,11,label_affinity,random_n,0.392752417421115
NSLKDD,12,label_affinity,topn,0.9384355684878601
NSLKDD,12,label_affinity,random_n,0.4056353560057196
NSLKDD,13,label_affinity,topn,0.9713726141984423
NSLKDD,13,label_affinity,random_n,0.7070859511871239
NSLKDD,14,label_affinity,topn,0.9978813480278902
NSLKDD,14,label_affinity,random_n,0.3587701995321059
NSLKDD,15,label_affinity,topn,0.8354514175029122
NSLKDD,15,label_affinity,random_n,0.6077747902299993
NSLKDD,16,label_affinity,topn,0.9907063848140646
NSLKDD,16,label_affinity,random_n,0.579035929252041
NSLKDD,17,label_affinity,topn,0.9520752489751342
NSLKDD,17,label_affinity,random_n,0.42107226927489
NSLKDD,18,label_affinity,topn,0.9909603606942934
NSLKDD,18,label_affinity,random_n,0.9249590388263224
NSLKDD,19,label_affinity,topn,0.9896886637885777
NSLKDD,19,label_affinity,random_n,0.3732429618030279
NSLKDD,20,label_affinity,topn,0.9806558779703155
NSLKDD,20,label_affinity,random_n,0.3370268520030155
NSLKDD,21,label_affinity,topn,0.886178531082817
NSLKDD,21,label_affinity,random_n,0.3870334806234843
NSLKDD,22,label_affinity,topn,0.9957780952340082
NSLKDD,22,label_affinity,random_n,0.4536308179863562
NSLKDD,23,label_affinity,topn,0.9552104258678092
NSLKDD,23,label_affinity,random_n,0.154788935432967
NSLKDD,24,label_affinity,topn,1.0
NSLKDD,24,label_affinity,random_n,0.34992949596891104
NSLKDD,25,label_affinity,topn,0.9697702675208713
NSLKDD,25,label_affinity,random_n,0.352926482828593
NSLKDD,26,label_affinity,topn,0.9902827456363612
NSLKDD,26,label_affinity,random_n,0.3507124608576196
NSLKDD,27,label_affinity,topn,0.9664690271854406
NSLKDD,27,label_affinity,random_n,0.6978960890948881
NSLKDD,28,label_affinity,topn,0.8518107544977026
NSLKDD,28,label_affinity,random_n,0.3596141633375971
NSLKDD,29,label_affinity,topn,0.9997647335204197
NSLKDD,29,label_affinity,random_n,0.15099586028815523
NSLKDD,30,label_affinity,topn,0.9999648675329357
NSLKDD,30,label_affinity,random_n,0.42524785277550675
NSLKDD,31,label_affinity,topn,0.9894108145690058
NSLKDD,31,label_affinity,random_n,0.7677825248944833
NSLKDD,32,label_affinity,topn,0.9596545938588835
NSLKDD,32,label_affinity,random_n,0.9183803810540144
NSLKDD,33,label_affinity,topn,0.9062564716980894
NSLKDD,33,label_affinity,random_n,0.5310673994817144
NSLKDD,34,label_affinity,topn,0.9919147689910656
NSLKDD,34,label_affinity,random_n,0.651201665428002
NSLKDD,35,label_affinity,topn,0.9043727771123594
NSLKDD,35,label_affinity,random_n,0.4772556792908716
NSLKDD,36,label_affinity,topn,0.9564518807659596
NSLKDD,36,label_affinity,random_n,0.3371839337386818
NSLKDD,37,label_affinity,topn,0.8991993402854265
NSLKDD,37,label_affinity,random_n,0.30742674407182413
NSLKDD,38,label_affinity,topn,0.9319744260526436
NSLKDD,38,label_affinity,random_n,0.3726528417821664
NSLKDD,39,label_affinity,topn,0.8305792434253222
NSLKDD,39,label_affinity,random_n,0.019273803144769872
NSLKDD,40,label_affinity,topn,0.9912617607948085
NSLKDD,40,label_affinity,random_n,0.36569814357626657
NSLKDD,41,label_affinity,topn,0.9321226947535615
NSLKDD,41,label_affinity,random_n,0.4133117800178147
NSLKDD,42,label_affinity,topn,0.9517926790108638
NSLKDD,42,label_affinity,random_n,0.47248222916795646
NSLKDD,43,label_affinity,topn,0.9820742832927691
NSLKDD,43,label_affinity,random_n,0.38343001635892443
NSLKDD,44,label_affinity,topn,0.9849552533596753
NSLKDD,44,label_affinity,random_n,0.6649951044205173
NSLKDD,45,label_affinity,topn,0.974463240771002
NSLKDD,45,label_affinity,random_n,0.6299534189416391
NSLKDD,46,label_affinity,topn,0.984990255849274
NSLKDD,46,label_affinity,random_n,0.33923697176141787
NSLKDD,47,label_affinity,topn,0.9807473036073336
NSLKDD,47,label_affinity,random_n,0.15256971444870604
NSLKDD,48,label_affinity,topn,0.9943684287279259
NSLKDD,48,label_affinity,random_n,0.6176587812123563
NSLKDD,49,label_affinity,topn,0.9219713722296552
NSLKDD,49,label_affinity,random_n,0.7008185334945992
NSLKDD,0,random,topn,0.7112422699543868
NSLKDD,0,random,random_n,0.2256821545365463
NSLKDD,1,random,topn,0.6523230930239969
NSLKDD,1,random,random_n,0.6194994373084864
NSLKDD,2,random,topn,0.3887249341169537
NSLKDD,2,random,random_n,0.20103067637293048
NSLKDD,3,random,topn,0.5851711976654536
NSLKDD,3,random,random_n,0.5708938740011311
NSLKDD,4,random,topn,0.4321745171081431
NSLKDD,4,random,random_n,0.061625596171230285
NSLKDD,5,random,topn,0.19105130494690015
NSLKDD,5,random,random_n,0.48475399682659
NSLKDD,6,random,topn,0.5576456926671416
NSLKDD,6,random,random_n,0.6112167052849803
NSLKDD,7,random,topn,0.5243684538996446
NSLKDD,7,random,random_n,0.4935666748090277
NSLKDD,8,random,topn,0.06728542676395699
NSLKDD,8,random,random_n,0.40594835726921
NSLKDD,9,random,topn,0.4160036948171675
NSLKDD,9,random,random_n,0.4872869667722279
NSLKDD,10,random,topn,0.6976251400196206
NSLKDD,10,random,random_n,0.3466156703597834
NSLKDD,11,random,topn,0.5819146259057938
NSLKDD,11,random,random_n,0.37584352542997995
NSLKDD,12,random,topn,0.42776745893872375
NSLKDD,12,random,random_n,0.4667912425462469
NSLKDD,13,random,topn,0.23736686841904472
NSLKDD,13,random,random_n,0.08761390664862084
NSLKDD,14,random,topn,0.3628333458740421
NSLKDD,14,random,random_n,0.44023440843630984
NSLKDD,15,random,topn,0.5203067302490161
NSLKDD,15,random,random_n,0.027542756740899094
NSLKDD,16,random,topn,0.9826591489436917
NSLKDD,16,random,random_n,0.3760375232551835
NSLKDD,17,random,topn,0.5866644717734957
NSLKDD,17,random,random_n,0.87461425056131
NSLKDD,18,random,topn,0.6629091251130218
NSLKDD,18,random,random_n,0.23176663605803258
NSLKDD,19,random,topn,0.6671857091164363
NSLKDD,19,random,random_n,0.3420704684921078
NSLKDD,20,random,topn,0.10011366570142238
NSLKDD,20,random,random_n,0.4150795639185125
NSLKDD,21,random,topn,0.5724011818096074
NSLKDD,21,random,random_n,0.723138081694759
NSLKDD,22,random,topn,0.3269093796600347
NSLKDD,22,random,random_n,0.9057413933225105
NSLKDD,23,random,topn,0.0
NSLKDD,23,random,random_n,0.4118783375142212
NSLKDD,24,random,topn,0.3648069710500346
NSLKDD,24,random,random_n,0.6315695828646559
NSLKDD,25,random,topn,0.5781728949632391
NSLKDD,25,random,random_n,0.6792688858198378
NSLKDD,26,random,topn,0.4068867271344289
NSLKDD,26,random,random_n,0.35396958475220247
NSLKDD,27,random,topn,0.5137631417390544
NSLKDD,27,random,random_n,0.3633064785884754
NSLKDD,28,random,topn,0.5481388798384672
NSLKDD,28,random,random_n,0.38143599436220726
NSLKDD,29,random,topn,0.3528169139443466
NSLKDD,29,random,random_n,0.3424882775234772
NSLKDD,30,random,topn,0.41862565323351547
NSLKDD,30,random,random_n,0.3621413218498771
NSLKDD,31,random,topn,0.6642474915193871
NSLKDD,31,random,random_n,0.01394288863263536
NSLKDD,32,random,topn,0.47700287047625795
NSLKDD,32,random,random_n,0.2598936732908313
NSLKDD,33,random,topn,0.44890929298375
NSLKDD,33,random,random_n,0.579004955014503
NSLKDD,34,random,topn,0.2782502816068883
NSLKDD,34,random,random_n,0.5077886684086671
NSLKDD,35,random,topn,0.7304645853608857
NSLKDD,35,random,random_n,0.5114015025840808
NSLKDD,36,random,topn,0.5360927030271138
NSLKDD,36,random,random_n,0.3714868579082768
NSLKDD,37,random,topn,0.7705529962355446
NSLKDD,37,random,random_n,0.618106353084885
NSLKDD,38,random,topn,0.941520735213373
NSLKDD,38,random,random_n,0.7245663235281475
NSLKDD,39,random,topn,0.11554881839288357
NSLKDD,39,random,random_n,0.01738288077997276
NSLKDD,40,random,topn,0.4044229849783156
NSLKDD,40,random,random_n,0.7340273570649649
NSLKDD,41,random,topn,0.5479018197967559
NSLKDD,41,random,random_n,0.7257473745608302
NSLKDD,42,random,topn,0.32384892379769575
NSLKDD,42,random,random_n,0.2582708113374994
NSLKDD,43,random,topn,0.5674741471624567
NSLKDD,43,random,random_n,0.6051944082883554
NSLKDD,44,random,topn,0.12109765443605351
NSLKDD,44,random,random_n,0.7471797650681135
NSLKDD,45,random,topn,0.4407142983139298
NSLKDD,45,random,random_n,0.3593980761693774
NSLKDD,46,random,topn,0.5889861413647995
NSLKDD,46,random,random_n,0.5856447466076817
NSLKDD,47,random,topn,0.06292884567291472
NSLKDD,47,random,random_n,0.690679448669667
NSLKDD,48,random,topn,0.7477808095409325
NSLKDD,48,random,random_n,0.6268495820044209
NSLKDD,49,random,topn,0.22874165765938737
NSLKDD,49,random,random_n,0.5448049163587592
NSLKDD,0,label_affinity,topn,0.9922789007825382
NSLKDD,0,label_affinity,random_n,0.7119509282275615
NSLKDD,1,label_affinity,topn,0.9715254305658586
NSLKDD,1,label_affinity,random_n,0.49916656595181935
NSLKDD,2,label_affinity,topn,0.8403624687953496
NSLKDD,2,label_affinity,random_n,0.4340921247695387
NSLKDD,3,label_affinity,topn,0.9695432933631613
NSLKDD,3,label_affinity,random_n,0.27177660463589665
NSLKDD,4,label_affinity,topn,0.9903739173183471
NSLKDD,4,label_affinity,random_n,0.06284882316683042
NSLKDD,5,label_affinity,topn,0.9030672164235333
NSLKDD,5,label_affinity,random_n,0.5882684420561944
NSLKDD,6,label_affinity,topn,0.9718356177262343
NSLKDD,6,label_affinity,random_n,0.5453567099686049
NSLKDD,7,label_affinity,topn,0.9698724324708922
NSLKDD,7,label_affinity,random_n,0.5440818341731964
NSLKDD,8,label_affinity,topn,0.8341351742955657
NSLKDD,8,label_affinity,random_n,0.3603483349232142
NSLKDD,9,label_affinity,topn,0.900210208712641
NSLKDD,9,label_affinity,random_n,0.5682150314723801
NSLKDD,10,label_affinity,topn,0.9999648675329357
NSLKDD,10,label_affinity,random_n,0.042116968640889936
NSLKDD,11,label_affinity,topn,0.912554580645224
NSLKDD,11,label_affinity,random_n,0.4664200876510573
NSLKDD,12,label_affinity,topn,0.9384355684878601
NSLKDD,12,label_affinity,random_n,0.43464470493768
NSLKDD,13,label_affinity,topn,0.9713726141984423
NSLKDD,13,label_affinity,random_n,0.39845952773919424
NSLKDD,14,label_affinity,topn,0.9978813480278902
NSLKDD,14,label_affinity,random_n,0.3280791462645349
NSLKDD,15,label_affinity,topn,0.8354514175029122
NSLKDD,15,label_affinity,random_n,0.47239838943533674
NSLKDD,16,label_affinity,topn,0.9907063848140646
NSLKDD,16,label_affinity,random_n,0.6439981263176762
NSLKDD,17,label_affinity,topn,0.9520752489751342
NSLKDD,17,label_affinity,random_n,0.524594955814753
NSLKDD,18,label_affinity,topn,0.9909603606942934
NSLKDD,18,label_affinity,random_n,0.662712401017241
NSLKDD,19,label_affinity,topn,0.9896886637885777
NSLKDD,19,label_affinity,random_n,0.4020201458932415
NSLKDD,20,label_affinity,topn,0.9806558779703155
NSLKDD,20,label_affinity,random_n,0.5780548421242826
NSLKDD,21,label_affinity,topn,0.886178531082817
NSLKDD,21,label_affinity,random_n,0.6075474475144511
NSLKDD,22,label_affinity,topn,0.9957780952340082
NSLKDD,22,label_affinity,random_n,0.7664411862273558
NSLKDD,23,label_affinity,topn,0.9552104258678092
NSLKDD,23,label_affinity,random_n,0.062389399163088
NSLKDD,24,label_affinity,topn,1.0
NSLKDD,24,label_affinity,random_n,0.6304307187566213
NSLKDD,25,label_affinity,topn,0.9697702675208713
NSLKDD,25,label_affinity,random_n,0.5052854899515066
NSLKDD,26,label_affinity,topn,0.9902827456363612
NSLKDD,26,label_affinity,random_n,0.3370427095599935
NSLKDD,27,label_affinity,topn,0.9664690271854406
NSLKDD,27,label_affinity,random_n,0.4602334162143646
NSLKDD,28,label_affinity,topn,0.8518107544977026
NSLKDD,28,label_affinity,random_n,0.1760502923669217
NSLKDD,29,label_affinity,topn,0.9997647335204197
NSLKDD,29,label_affinity,random_n,0.3643269391533515
NSLKDD,30,label_affinity,topn,0.9999648675329357
NSLKDD,30,label_affinity,random_n,0.4239549542641927
NSLKDD,31,label_affinity,topn,0.9894108145690058
NSLKDD,31,label_affinity,random_n,0.017725617975791422
NSLKDD,32,label_affinity,topn,0.9596545938588835
NSLKDD,32,label_affinity,random_n,0.49770324957749573
NSLKDD,33,label_affinity,topn,0.9062564716980894
NSLKDD,33,label_affinity,random_n,0.8948343053488798
NSLKDD,34,label_affinity,topn,0.9919147689910656
NSLKDD,34,label_affinity,random_n,0.3578893649303712
NSLKDD,35,label_affinity,topn,0.9043727771123594
NSLKDD,35,label_affinity,random_n,0.4765306890315792
NSLKDD,36,label_affinity,topn,0.9564518807659596
NSLKDD,36,label_affinity,random_n,0.9225656689523701
NSLKDD,37,label_affinity,topn,0.8991993402854265
NSLKDD,37,label_affinity,random_n,0.46232694714949635
NSLKDD,38,label_affinity,topn,0.9319744260526436
NSLKDD,38,label_affinity,random_n,0.48891800818084596
NSLKDD,39,label_affinity,topn,0.8305792434253222
NSLKDD,39,label_affinity,random_n,0.3187441304828456
NSLKDD,40,label_affinity,topn,0.9912617607948085
NSLKDD,40,label_affinity,random_n,0.6547100141502573
NSLKDD,41,label_affinity,topn,0.9321226947535615
NSLKDD,41,label_affinity,random_n,0.46791097644893975
NSLKDD,42,label_affinity,topn,0.9517926790108638
NSLKDD,42,label_affinity,random_n,0.3464042273845112
NSLKDD,43,label_affinity,topn,0.9820742832927691
NSLKDD,43,label_affinity,random_n,0.9684489792561505
NSLKDD,44,label_affinity,topn,0.9849552533596753
NSLKDD,44,label_affinity,random_n,0.29454609969966
NSLKDD,45,label_affinity,topn,0.974463240771002
NSLKDD,45,label_affinity,random_n,0.318519389488585
NSLKDD,46,label_affinity,topn,0.984990255849274
NSLKDD,46,label_affinity,random_n,0.33238500392684905
NSLKDD,47,label_affinity,topn,0.9807473036073336
NSLKDD,47,label_affinity,random_n,0.5605186551257422
NSLKDD,48,label_affinity,topn,0.9943684287279259
NSLKDD,48,label_affinity,random_n,0.5644197981660509
NSLKDD,49,label_affinity,topn,0.9219713722296552
NSLKDD,49,label_affinity,random_n,0.3361217258583074
NSLKDD,0,random,topn,0.7112422699543868
NSLKDD,0,random,random_n,0.49410542334973684
NSLKDD,1,random,topn,0.6523230930239969
NSLKDD,1,random,random_n,0.11508888145425022
NSLKDD,2,random,topn,0.3887249341169537
NSLKDD,2,random,random_n,0.12274387241861288
NSLKDD,3,random,topn,0.5851711976654536
NSLKDD,3,random,random_n,0.8060228233769934
NSLKDD,4,random,topn,0.4321745171081431
NSLKDD,4,random,random_n,0.37953168264459197
NSLKDD,5,random,topn,0.19105130494690015
NSLKDD,5,random,random_n,0.2262756200176653
NSLKDD,6,random,topn,0.5576456926671416
NSLKDD,6,random,random_n,0.5485226623437766
NSLKDD,7,random,topn,0.5243684538996446
NSLKDD,7,random,random_n,0.3295369101105184
NSLKDD,8,random,topn,0.06728542676395699
NSLKDD,8,random,random_n,0.17770804561738426
NSLKDD,9,random,topn,0.4160036948171675
NSLKDD,9,random,random_n,0.7353994912401994
NSLKDD,10,random,topn,0.6976251400196206
NSLKDD,10,random,random_n,0.06217977108806425
NSLKDD,11,random,topn,0.5819146259057938
NSLKDD,11,random,random_n,0.5198662829199551
NSLKDD,12,random,topn,0.42776745893872375
NSLKDD,12,random,random_n,0.7235745507592447
NSLKDD,13,random,topn,0.23736686841904472
NSLKDD,13,random,random_n,0.5549136054259393
NSLKDD,14,random,topn,0.3628333458740421
NSLKDD,14,random,random_n,0.353665255601759
NSLKDD,15,random,topn,0.5203067302490161
NSLKDD,15,random,random_n,0.4938555237108064
NSLKDD,16,random,topn,0.9826591489436917
NSLKDD,16,random,random_n,0.410142097107149
NSLKDD,17,random,topn,0.5866644717734957
NSLKDD,17,random,random_n,0.6258947174213958
NSLKDD,18,random,topn,0.6629091251130218
NSLKDD,18,random,random_n,0.6862344766882518
NSLKDD,19,random,topn,0.6671857091164363
NSLKDD,19,random,random_n,0.44701272686122745
NSLKDD,20,random,topn,0.10011366570142238
NSLKDD,20,random,random_n,0.4230180139835387
NSLKDD,21,random,topn,0.5724011818096074
NSLKDD,21,random,random_n,0.31371431111041503
NSLKDD,22,random,topn,0.3269093796600347
NSLKDD,22,random,random_n,0.19504594702009784
NSLKDD,23,random,topn,0.0
NSLKDD,23,random,random_n,0.24699888716870755
NSLKDD,24,random,topn,0.3648069710500346
NSLKDD,24,random,random_n,0.7013526593216728
NSLKDD,25,random,topn,0.5781728949632391
NSLKDD,25,random,random_n,0.40846227623932974
NSLKDD,26,random,topn,0.4068867271344289
NSLKDD,26,random,random_n,0.3899474027579823
NSLKDD,27,random,topn,0.5137631417390544
NSLKDD,27,random,random_n,0.6963162803786846
NSLKDD,28,random,topn,0.5481388798384672
NSLKDD,28,random,random_n,0.6007496778092041
NSLKDD,29,random,topn,0.3528169139443466
NSLKDD,29,random,random_n,0.13665008287125743
NSLKDD,30,random,topn,0.41862565323351547
NSLKDD,30,random,random_n,0.6868348812179373
NSLKDD,31,random,topn,0.6642474915193871
NSLKDD,31,random,random_n,0.41997435382019993
NSLKDD,32,random,topn,0.47700287047625795
NSLKDD,32,random,random_n,0.5160461807927771
NSLKDD,33,random,topn,0.44890929298375
NSLKDD,33,random,random_n,0.6685261452728694
NSLKDD,34,random,topn,0.2782502816068883
NSLKDD,34,random,random_n,0.6600447463555374
NSLKDD,35,random,topn,0.7304645853608857
NSLKDD,35,random,random_n,0.5887467818368163
NSLKDD,36,random,topn,0.5360927030271138
NSLKDD,36,random,random_n,0.5795146254915616
NSLKDD,37,random,topn,0.7705529962355446
NSLKDD,37,random,random_n,0.6817433577724975
NSLKDD,38,random,topn,0.941520735213373
NSLKDD,38,random,random_n,0.6912840222295413
NSLKDD,39,random,topn,0.11554881839288357
NSLKDD,39,random,random_n,0.025446858596663208
NSLKDD,40,random,topn,0.4044229849783156
NSLKDD,40,random,random_n,0.5582967686845762
NSLKDD,41,random,topn,0.5479018197967559
NSLKDD,41,random,random_n,0.31429799833755184
NSLKDD,42,random,topn,0.32384892379769575
NSLKDD,42,random,random_n,0.35285028944057584
NSLKDD,43,random,topn,0.5674741471624567
NSLKDD,43,random,random_n,0.7846677136646876
NSLKDD,44,random,topn,0.12109765443605351
NSLKDD,44,random,random_n,0.34779255866917147
NSLKDD,45,random,topn,0.4407142983139298
NSLKDD,45,random,random_n,0.40247014649095364
NSLKDD,46,random,topn,0.5889861413647995
NSLKDD,46,random,random_n,0.8864074996417863
NSLKDD,47,random,topn,0.06292884567291472
NSLKDD,47,random,random_n,0.4985398597275769
NSLKDD,48,random,topn,0.7477808095409325
NSLKDD,48,random,random_n,0.45927797497020345
NSLKDD,49,random,topn,0.22874165765938737
NSLKDD,49,random,random_n,0.7107944032364656
NSLKDD,0,label_affinity,topn,0.9922789007825382
NSLKDD,0,label_affinity,random_n,0.708763899182315
NSLKDD,1,label_affinity,topn,0.9715254305658586
NSLKDD,1,label_affinity,random_n,0.16667579857123446
NSLKDD,2,label_affinity,topn,0.8403624687953496
NSLKDD,2,label_affinity,random_n,0.12500283285529193
NSLKDD,3,label_affinity,topn,0.9695432933631613
NSLKDD,3,label_affinity,random_n,0.25709592554522204
NSLKDD,4,label_affinity,topn,0.9903739173183471
NSLKDD,4,label_affinity,random_n,0.034534984047623805
NSLKDD,5,label_affinity,topn,0.9030672164235333
NSLKDD,5,label_affinity,random_n,0.5874333977244073
NSLKDD,6,label_affinity,topn,0.9718356177262343
NSLKDD,6,label_affinity,random_n,0.3822012846022685
NSLKDD,7,label_affinity,topn,0.9698724324708922
NSLKDD,7,label_affinity,random_n,0.5674445035400509
NSLKDD,8,label_affinity,topn,0.8341351742955657
NSLKDD,8,label_affinity,random_n,0.40847791091762137
NSLKDD,9,label_affinity,topn,0.900210208712641
NSLKDD,9,label_affinity,random_n,0.2428180120501856
NSLKDD,10,label_affinity,topn,0.9999648675329357
NSLKDD,10,label_affinity,random_n,0.06182999087967416
NSLKDD,11,label_affinity,topn,0.912554580645224
NSLKDD,11,label_affinity,random_n,0.9387493381980541
NSLKDD,12,label_affinity,topn,0.9384355684878601
NSLKDD,12,label_affinity,random_n,0.3208039231009618
NSLKDD,13,label_affinity,topn,0.9713726141984423
NSLKDD,13,label_affinity,random_n,0.536976796391747
NSLKDD,14,label_affinity,topn,0.9978813480278902
NSLKDD,14,label_affinity,random_n,0.4100185716707001
NSLKDD,15,label_affinity,topn,0.8354514175029122
NSLKDD,15,label_affinity,random_n,0.41290251473473566
NSLKDD,16,label_affinity,topn,0.9907063848140646
NSLKDD,16,label_affinity,random_n,0.025842702433098424
NSLKDD,17,label_affinity,topn,0.9520752489751342
NSLKDD,17,label_affinity,random_n,0.3964126719742354
NSLKDD,18,label_affinity,topn,0.9909603606942934
NSLKDD,18,label_affinity,random_n,0.4213442344264266
NSLKDD,19,label_affinity,topn,0.9896886637885777
NSLKDD,19,label_affinity,random_n,0.7109795687315074
NSLKDD,20,label_affinity,topn,0.9806558779703155
NSLKDD,20,label_affinity,random_n,0.6363034237834354
NSLKDD,21,label_affinity,topn,0.886178531082817
NSLKDD,21,label_affinity,random_n,0.5283317004445256
NSLKDD,22,label_affinity,topn,0.9957780952340082
NSLKDD,22,label_affinity,random_n,0.36554057987753547
NSLKDD,23,label_affinity,topn,0.9552104258678092
NSLKDD,23,label_affinity,random_n,0.18597882811473523
NSLKDD,24,label_affinity,topn,1.0
NSLKDD,24,label_affinity,random_n,0.3331331993208173
NSLKDD,25,label_affinity,topn,0.9697702675208713
NSLKDD,25,label_affinity,random_n,0.5192155349138946
NSLKDD,26,label_affinity,topn,0.9902827456363612
NSLKDD,26,label_affinity,random_n,0.06684579759456662
NSLKDD,27,label_affinity,topn,0.9664690271854406
NSLKDD,27,label_affinity,random_n,0.4831108479517212
NSLKDD,28,label_affinity,topn,0.8518107544977026
NSLKDD,28,label_affinity,random_n,0.18916677362630552
NSLKDD,29,label_affinity,topn,0.9997647335204197
NSLKDD,29,label_affinity,random_n,0.09182445552882335
NSLKDD,30,label_affinity,topn,0.9999648675329357
NSLKDD,30,label_affinity,random_n,0.3353884146283814
NSLKDD,31,label_affinity,topn,0.9894108145690058
NSLKDD,31,label_affinity,random_n,0.601510846149121
NSLKDD,32,label_affinity,topn,0.9596545938588835
NSLKDD,32,label_affinity,random_n,0.4046468641791028
NSLKDD,33,label_affinity,topn,0.9062564716980894
NSLKDD,33,label_affinity,random_n,0.6262651839474215
NSLKDD,34,label_affinity,topn,0.9919147689910656
NSLKDD,34,label_affinity,random_n,0.27579386600433686
NSLKDD,35,label_affinity,topn,0.9043727771123594
NSLKDD,35,label_affinity,random_n,0.6173541223007578
NSLKDD,36,label_affinity,topn,0.9564518807659596
NSLKDD,36,label_affinity,random_n,0.37374912466425353
NSLKDD,37,label_affinity,topn,0.8991993402854265
NSLKDD,37,label_affinity,random_n,0.4700672118588249
NSLKDD,38,label_affinity,topn,0.9319744260526436
NSLKDD,38,label_affinity,random_n,0.6020173145176398
NSLKDD,39,label_affinity,topn,0.8305792434253222
NSLKDD,39,label_affinity,random_n,0.04093496646321797
NSLKDD,40,label_affinity,topn,0.9912617607948085
NSLKDD,40,label_affinity,random_n,0.5896896293392707
NSLKDD,41,label_affinity,topn,0.9321226947535615
NSLKDD,41,label_affinity,random_n,0.3346001522224933
NSLKDD,42,label_affinity,topn,0.9517926790108638
NSLKDD,42,label_affinity,random_n,0.44723118605793627
NSLKDD,43,label_affinity,topn,0.9820742832927691
NSLKDD,43,label_affinity,random_n,0.4880498461663357
NSLKDD,44,label_affinity,topn,0.9849552533596753
NSLKDD,44,label_affinity,random_n,0.03297195845630738
NSLKDD,45,label_affinity,topn,0.974463240771002
NSLKDD,45,label_affinity,random_n,0.7429829107893364
NSLKDD,46,label_affinity,topn,0.984990255849274
NSLKDD,46,label_affinity,random_n,0.13989683100726058
NSLKDD,47,label_affinity,topn,0.9807473036073336
NSLKDD,47,label_affinity,random_n,0.9537661204156578
NSLKDD,48,label_affinity,topn,0.9943684287279259
NSLKDD,48,label_affinity,random_n,0.5682983919869454
NSLKDD,49,label_affinity,topn,0.9219713722296552
NSLKDD,49,label_affinity,random_n,0.5279220507416742
NSLKDD,0,random,topn,0.7112422699543868
NSLKDD,0,random,random_n,0.427621114473473
NSLKDD,1,random,topn,0.6523230930239969
NSLKDD,1,random,random_n,0.6550492155471809
NSLKDD,2,random,topn,0.3887249341169537
NSLKDD,2,random,random_n,0.1595855514296278
NSLKDD,3,random,topn,0.5851711976654536
NSLKDD,3,random,random_n,0.7157997768387921
NSLKDD,4,random,topn,0.4321745171081431
NSLKDD,4,random,random_n,0.010405656493531682
NSLKDD,5,random,topn,0.19105130494690015
NSLKDD,5,random,random_n,0.32619284278342614
NSLKDD,6,random,topn,0.5576456926671416
NSLKDD,6,random,random_n,0.34318689425145726
NSLKDD,7,random,topn,0.5243684538996446
NSLKDD,7,random,random_n,0.5030547562279734
NSLKDD,8,random,topn,0.06728542676395699
NSLKDD,8,random,random_n,0.179554330360433
NSLKDD,9,random,topn,0.4160036948171675
NSLKDD,9,random,random_n,0.5343601450250822
NSLKDD,10,random,topn,0.6976251400196206
NSLKDD,10,random,random_n,0.6515867875592777
NSLKDD,11,random,topn,0.5819146259057938
NSLKDD,11,random,random_n,0.6932258036194003
NSLKDD,12,random,topn,0.42776745893872375
NSLKDD,12,random,random_n,0.3977730181868817
NSLKDD,13,random,topn,0.23736686841904472
NSLKDD,13,random,random_n,0.33616964301266744
NSLKDD,14,random,topn,0.3628333458740421
NSLKDD,14,random,random_n,0.39673981630686544
NSLKDD,15,random,topn,0.5203067302490161
NSLKDD,15,random,random_n,0.7777509715948306
NSLKDD,16,random,topn,0.9826591489436917
NSLKDD,16,random,random_n,0.2227354582563497
NSLKDD,17,random,topn,0.5866644717734957
NSLKDD,17,random,random_n,0.49645133893815413
NSLKDD,18,random,topn,0.6629091251130218
NSLKDD,18,random,random_n,0.6850230318644855
NSLKDD,19,random,topn,0.6671857091164363
NSLKDD,19,random,random_n,0.3255397055196782
NSLKDD,20,random,topn,0.10011366570142238
NSLKDD,20,random,random_n,0.13237804152908336
NSLKDD,21,random,topn,0.5724011818096074
NSLKDD,21,random,random_n,0.9115173879941549
NSLKDD,22,random,topn,0.3269093796600347
NSLKDD,22,random,random_n,0.33509593441883306
NSLKDD,23,random,topn,0.0
NSLKDD,23,random,random_n,0.2117293853187143
NSLKDD,24,random,topn,0.3648069710500346
NSLKDD,24,random,random_n,0.7231049754102769
NSLKDD,25,random,topn,0.5781728949632391
NSLKDD,25,random,random_n,0.5732327164523265
NSLKDD,26,random,topn,0.4068867271344289
NSLKDD,26,random,random_n,0.35764791797185147
NSLKDD,27,random,topn,0.5137631417390544
NSLKDD,27,random,random_n,0.6912396563661879
NSLKDD,28,random,topn,0.5481388798384672
NSLKDD,28,random,random_n,0.7873687868762307
NSLKDD,29,random,topn,0.3528169139443466
NSLKDD,29,random,random_n,0.33537997323220664
NSLKDD,30,random,topn,0.41862565323351547
NSLKDD,30,random,random_n,0.05525551951580049
NSLKDD,31,random,topn,0.6642474915193871
NSLKDD,31,random,random_n,0.12681479184248098
NSLKDD,32,random,topn,0.47700287047625795
NSLKDD,32,random,random_n,0.7956604730438781
NSLKDD,33,random,topn,0.44890929298375
NSLKDD,33,random,random_n,0.46413155220518054
NSLKDD,34,random,topn,0.2782502816068883
NSLKDD,34,random,random_n,0.6727644553453344
NSLKDD,35,random,topn,0.7304645853608857
NSLKDD,35,random,random_n,0.8997746545241861
NSLKDD,36,random,topn,0.5360927030271138
NSLKDD,36,random,random_n,0.6481975822180984
NSLKDD,37,random,topn,0.7705529962355446
NSLKDD,37,random,random_n,0.5093989672259077
NSLKDD,38,random,topn,0.941520735213373
NSLKDD,38,random,random_n,0.5905799006742348
NSLKDD,39,random,topn,0.11554881839288357
NSLKDD,39,random,random_n,0.01775169566201341
NSLKDD,40,random,topn,0.4044229849783156
NSLKDD,40,random,random_n,0.7270075839963965
NSLKDD,41,random,topn,0.5479018197967559
NSLKDD,41,random,random_n,0.21249353220714365
NSLKDD,42,random,topn,0.32384892379769575
NSLKDD,42,random,random_n,0.4564613606472032
NSLKDD,43,random,topn,0.5674741471624567
NSLKDD,43,random,random_n,0.4969104593086054
NSLKDD,44,random,topn,0.12109765443605351
NSLKDD,44,random,random_n,0.33444968453286267
NSLKDD,45,random,topn,0.4407142983139298
NSLKDD,45,random,random_n,0.4523707302821962
NSLKDD,46,random,topn,0.5889861413647995
NSLKDD,46,random,random_n,0.46013907264898757
NSLKDD,47,random,topn,0.06292884567291472
NSLKDD,47,random,random_n,0.5609107021737679
NSLKDD,48,random,topn,0.7477808095409325
NSLKDD,48,random,random_n,0.6838668326397285
NSLKDD,49,random,topn,0.22874165765938737
NSLKDD,49,random,random_n,0.7485649606841385
NSLKDD,0,label_affinity,topn,0.9922789007825382
NSLKDD,0,label_affinity,random_n,0.1577615995222648
NSLKDD,1,label_affinity,topn,0.9715254305658586
NSLKDD,1,label_affinity,random_n,0.21478003959157385
NSLKDD,2,label_affinity,topn,0.8403624687953496
NSLKDD,2,label_affinity,random_n,0.18678701193683836
NSLKDD,3,label_affinity,topn,0.9695432933631613
NSLKDD,3,label_affinity,random_n,0.8353309708649906
NSLKDD,4,label_affinity,topn,0.9903739173183471
NSLKDD,4,label_affinity,random_n,0.02552876616146384
NSLKDD,5,label_affinity,topn,0.9030672164235333
NSLKDD,5,label_affinity,random_n,0.40194129584518706
NSLKDD,6,label_affinity,topn,0.9718356177262343
NSLKDD,6,label_affinity,random_n,0.42959726591953745
NSLKDD,7,label_affinity,topn,0.9698724324708922
NSLKDD,7,label_affinity,random_n,0.735267543759877
NSLKDD,8,label_affinity,topn,0.8341351742955657
NSLKDD,8,label_affinity,random_n,0.3828715015313766
NSLKDD,9,label_affinity,topn,0.900210208712641
NSLKDD,9,label_affinity,random_n,0.7448386979756046
NSLKDD,10,label_affinity,topn,0.9999648675329357
NSLKDD,10,label_affinity,random_n,0.05162450614419751
NSLKDD,11,label_affinity,topn,0.912554580645224
NSLKDD,11,label_affinity,random_n,0.5712602219958871
NSLKDD,12,label_affinity,topn,0.9384355684878601
NSLKDD,12,label_affinity,random_n,0.5116164202522727
NSLKDD,13,label_affinity,topn,0.9713726141984423
NSLKDD,13,label_affinity,random_n,0.6677069440853227
NSLKDD,14,label_affinity,topn,0.9978813480278902
NSLKDD,14,label_affinity,random_n,0.1554554667588807
NSLKDD,15,label_affinity,topn,0.8354514175029122
NSLKDD,15,label_affinity,random_n,0.3113417717345906
NSLKDD,16,label_affinity,topn,0.9907063848140646
NSLKDD,16,label_affinity,random_n,0.34880668975113677
NSLKDD,17,label_affinity,topn,0.9520752489751342
NSLKDD,17,label_affinity,random_n,0.16240569045474978
NSLKDD,18,label_affinity,topn,0.9909603606942934
NSLKDD,18,label_affinity,random_n,0.3940928924898223
NSLKDD,19,label_affinity,topn,0.9896886637885777
NSLKDD,19,label_affinity,random_n,0.3345694862452279
NSLKDD,20,label_affinity,topn,0.9806558779703155
NSLKDD,20,label_affinity,random_n,0.3831185997801623
NSLKDD,21,label_affinity,topn,0.886178531082817
NSLKDD,21,label_affinity,random_n,0.595441801564634
NSLKDD,22,label_affinity,topn,0.9957780952340082
NSLKDD,22,label_affinity,random_n,0.33280641472235917
NSLKDD,23,label_affinity,topn,0.9552104258678092
NSLKDD,23,label_affinity,random_n,0.43898937827624424
NSLKDD,24,label_affinity,topn,1.0
NSLKDD,24,label_affinity,random_n,0.6283243324626122
NSLKDD,25,label_affinity,topn,0.9697702675208713
NSLKDD,25,label_affinity,random_n,0.7179577752292235
NSLKDD,26,label_affinity,topn,0.9902827456363612
NSLKDD,26,label_affinity,random_n,0.36794460002544277
NSLKDD,27,label_affinity,topn,0.9664690271854406
NSLKDD,27,label_affinity,random_n,0.29432067293613795
NSLKDD,28,label_affinity,topn,0.8518107544977026
NSLKDD,28,label_affinity,random_n,0.21933146840181425
NSLKDD,29,label_affinity,topn,0.9997647335204197
NSLKDD,29,label_affinity,random_n,0.07816576597521153
NSLKDD,30,label_affinity,topn,0.9999648675329357
NSLKDD,30,label_affinity,random_n,0.0023972190463828025
NSLKDD,31,label_affinity,topn,0.9894108145690058
NSLKDD,31,label_affinity,random_n,0.8583369366342501
NSLKDD,32,label_affinity,topn,0.9596545938588835
NSLKDD,32,label_affinity,random_n,0.7439627332669598
NSLKDD,33,label_affinity,topn,0.9062564716980894
NSLKDD,33,label_affinity,random_n,0.6040976482530163
NSLKDD,34,label_affinity,topn,0.9919147689910656
NSLKDD,34,label_affinity,random_n,0.35497215663877335
NSLKDD,35,label_affinity,topn,0.9043727771123594
NSLKDD,35,label_affinity,random_n,0.6424942317876859
NSLKDD,36,label_affinity,topn,0.9564518807659596
NSLKDD,36,label_affinity,random_n,0.7303938916771333
NSLKDD,37,label_affinity,topn,0.8991993402854265
NSLKDD,37,label_affinity,random_n,0.7781381977083549
NSLKDD,38,label_affinity,topn,0.9319744260526436
NSLKDD,38,label_affinity,random_n,0.5386669213801921
NSLKDD,39,label_affinity,topn,0.8305792434253222
NSLKDD,39,label_affinity,random_n,0.21878579063309092
NSLKDD,40,label_affinity,topn,0.9912617607948085
NSLKDD,40,label_affinity,random_n,0.43758955066708044
NSLKDD,41,label_affinity,topn,0.9321226947535615
NSLKDD,41,label_affinity,random_n,0.4955710690675723
NSLKDD,42,label_affinity,topn,0.9517926790108638
NSLKDD,42,label_affinity,random_n,0.4483676305653093
NSLKDD,43,label_affinity,topn,0.9820742832927691
NSLKDD,43,label_affinity,random_n,0.611500754486314
NSLKDD,44,label_affinity,topn,0.9849552533596753
NSLKDD,44,label_affinity,random_n,0.6306308527691372
NSLKDD,45,label_affinity,topn,0.974463240771002
NSLKDD,45,label_affinity,random_n,0.5345261823720442
NSLKDD,46,label_affinity,topn,0.984990255849274
NSLKDD,46,label_affinity,random_n,0.38978051544568776
NSLKDD,47,label_affinity,topn,0.9807473036073336
NSLKDD,47,label_affinity,random_n,0.9602927382698994
NSLKDD,48,label_affinity,topn,0.9943684287279259
NSLKDD,48,label_affinity,random_n,0.37477145518173405
NSLKDD,49,label_affinity,topn,0.9219713722296552
NSLKDD,49,label_affinity,random_n,0.20054778670475873
NSLKDD,0,random,topn,0.7112422699543868
NSLKDD,0,random,random_n,0.4950555537148555
NSLKDD,1,random,topn,0.6523230930239969
NSLKDD,1,random,random_n,0.4044393191625575
NSLKDD,2,random,topn,0.3887249341169537
NSLKDD,2,random,random_n,0.34942766961648536
NSLKDD,3,random,topn,0.5851711976654536
NSLKDD,3,random,random_n,0.26611251207380593
NSLKDD,4,random,topn,0.4321745171081431
NSLKDD,4,random,random_n,0.6567740749868977
NSLKDD,5,random,topn,0.19105130494690015
NSLKDD,5,random,random_n,0.06721777305143212
NSLKDD,6,random,topn,0.5576456926671416
NSLKDD,6,random,random_n,0.4206407087530019
NSLKDD,7,random,topn,0.5243684538996446
NSLKDD,7,random,random_n,0.509512538972308
NSLKDD,8,random,topn,0.06728542676395699
NSLKDD,8,random,random_n,0.3254397084263743
NSLKDD,9,random,topn,0.4160036948171675
NSLKDD,9,random,random_n,0.31313178269807473
NSLKDD,10,random,topn,0.6976251400196206
NSLKDD,10,random,random_n,0.35870303590353037
NSLKDD,11,random,topn,0.5819146259057938
NSLKDD,11,random,random_n,0.5413710286741984
NSLKDD,12,random,topn,0.42776745893872375
NSLKDD,12,random,random_n,0.4073828246796576
NSLKDD,13,random,topn,0.23736686841904472
NSLKDD,13,random,random_n,0.9795194004178414
NSLKDD,14,random,topn,0.3628333458740421
NSLKDD,14,random,random_n,0.3621453329498718
NSLKDD,15,random,topn,0.5203067302490161
NSLKDD,15,random,random_n,0.5410845228432036
NSLKDD,16,random,topn,0.9826591489436917
NSLKDD,16,random,random_n,0.2741041449678982
NSLKDD,17,random,topn,0.5866644717734957
NSLKDD,17,random,random_n,0.41285975215238907
NSLKDD,18,random,topn,0.6629091251130218
NSLKDD,18,random,random_n,0.6641086633243313
NSLKDD,19,random,topn,0.6671857091164363
NSLKDD,19,random,random_n,0.09478754378400144
NSLKDD,20,random,topn,0.10011366570142238
NSLKDD,20,random,random_n,0.5375870362933756
NSLKDD,21,random,topn,0.5724011818096074
NSLKDD,21,random,random_n,0.24609597909490197
NSLKDD,22,random,topn,0.3269093796600347
NSLKDD,22,random,random_n,0.8034081252102938
NSLKDD,23,random,topn,0.0
NSLKDD,23,random,random_n,0.09514505128214079
NSLKDD,24,random,topn,0.3648069710500346
NSLKDD,24,random,random_n,0.3680245927371162
NSLKDD,25,random,topn,0.5781728949632391
NSLKDD,25,random,random_n,0.5356956490969134
NSLKDD,26,random,topn,0.4068867271344289
NSLKDD,26,random,random_n,0.6468347702733642
NSLKDD,27,random,topn,0.5137631417390544
NSLKDD,27,random,random_n,0.6789480061402036
NSLKDD,28,random,topn,0.5481388798384672
NSLKDD,28,random,random_n,0.17917162964042668
NSLKDD,29,random,topn,0.3528169139443466
NSLKDD,29,random,random_n,0.11440143007561032
NSLKDD,30,random,topn,0.41862565323351547
NSLKDD,30,random,random_n,0.4094355765763072
NSLKDD,31,random,topn,0.6642474915193871
NSLKDD,31,random,random_n,0.32112977868405296
NSLKDD,32,random,topn,0.47700287047625795
NSLKDD,32,random,random_n,0.7007055908148615
NSLKDD,33,random,topn,0.44890929298375
NSLKDD,33,random,random_n,0.6747261716553687
NSLKDD,34,random,topn,0.2782502816068883
NSLKDD,34,random,random_n,0.8147491539865609
NSLKDD,35,random,topn,0.7304645853608857
NSLKDD,35,random,random_n,0.8694615785853649
NSLKDD,36,random,topn,0.5360927030271138
NSLKDD,36,random,random_n,0.3395720412368666
NSLKDD,37,random,topn,0.7705529962355446
NSLKDD,37,random,random_n,0.6006288258479611
NSLKDD,38,random,topn,0.941520735213373
NSLKDD,38,random,random_n,0.8125550799900196
NSLKDD,39,random,topn,0.11554881839288357
NSLKDD,39,random,random_n,0.04631888503320044
NSLKDD,40,random,topn,0.4044229849783156
NSLKDD,40,random,random_n,0.4966262585849534
NSLKDD,41,random,topn,0.5479018197967559
NSLKDD,41,random,random_n,0.7016215573549505
NSLKDD,42,random,topn,0.32384892379769575
NSLKDD,42,random,random_n,0.5312238091634799
NSLKDD,43,random,topn,0.5674741471624567
NSLKDD,43,random,random_n,0.35486505633955673
NSLKDD,44,random,topn,0.12109765443605351
NSLKDD,44,random,random_n,0.35003297741720596
NSLKDD,45,random,topn,0.4407142983139298
NSLKDD,45,random,random_n,0.4703833528129362
NSLKDD,46,random,topn,0.5889861413647995
NSLKDD,46,random,random_n,0.3348742716833974
NSLKDD,47,random,topn,0.06292884567291472
NSLKDD,47,random,random_n,0.2812292585876719
NSLKDD,48,random,topn,0.7477808095409325
NSLKDD,48,random,random_n,0.4186779123001256
NSLKDD,49,random,topn,0.22874165765938737
NSLKDD,49,random,random_n,0.5171103863019344
NSLKDD,0,label_affinity,topn,0.9922789007825382
NSLKDD,0,label_affinity,random_n,0.13300629472106826
NSLKDD,1,label_affinity,topn,0.9715254305658586
NSLKDD,1,label_affinity,random_n,0.6186713935614556
NSLKDD,2,label_affinity,topn,0.8403624687953496
NSLKDD,2,label_affinity,random_n,0.6045791730472545
NSLKDD,3,label_affinity,topn,0.9695432933631613
NSLKDD,3,label_affinity,random_n,0.41851066780372026
NSLKDD,4,label_affinity,topn,0.9903739173183471
NSLKDD,4,label_affinity,random_n,0.37168256837372443
NSLKDD,5,label_affinity,topn,0.9030672164235333
NSLKDD,5,label_affinity,random_n,0.20310870521867144
NSLKDD,6,label_affinity,topn,0.9718356177262343
NSLKDD,6,label_affinity,random_n,0.48222443435385415
NSLKDD,7,label_affinity,topn,0.9698724324708922
NSLKDD,7,label_affinity,random_n,0.9474085673966127
NSLKDD,8,label_affinity,topn,0.8341351742955657
NSLKDD,8,label_affinity,random_n,0.2570999614761447
NSLKDD,9,label_affinity,topn,0.900210208712641
NSLKDD,9,label_affinity,random_n,0.5440868499481516
NSLKDD,10,label_affinity,topn,0.9999648675329357
NSLKDD,10,label_affinity,random_n,0.04280760739685701
NSLKDD,11,label_affinity,topn,0.912554580645224
NSLKDD,11,label_affinity,random_n,0.4228340306392772
NSLKDD,12,label_affinity,topn,0.9384355684878601
NSLKDD,12,label_affinity,random_n,0.5609638158450646
NSLKDD,13,label_affinity,topn,0.9713726141984423
NSLKDD,13,label_affinity,random_n,0.5264761186167338
NSLKDD,14,label_affinity,topn,0.9978813480278902
NSLKDD,14,label_affinity,random_n,0.6465194955574985
NSLKDD,15,label_affinity,topn,0.8354514175029122
NSLKDD,15,label_affinity,random_n,0.4524008995559294
NSLKDD,16,label_affinity,topn,0.9907063848140646
NSLKDD,16,label_affinity,random_n,0.34475968315657696
NSLKDD,17,label_affinity,topn,0.9520752489751342
NSLKDD,17,label_affinity,random_n,0.018016121408721397
NSLKDD,18,label_affinity,topn,0.9909603606942934
NSLKDD,18,label_affinity,random_n,0.5285908572134426
NSLKDD,19,label_affinity,topn,0.9896886637885777
NSLKDD,19,label_affinity,random_n,0.3235371614856583
NSLKDD,20,label_affinity,topn,0.9806558779703155
NSLKDD,20,label_affinity,random_n,0.626903885417636
NSLKDD,21,label_affinity,topn,0.886178531082817
NSLKDD,21,label_affinity,random_n,0.6664875211397864
NSLKDD,22,label_affinity,topn,0.9957780952340082
NSLKDD,22,label_affinity,random_n,0.5549661849845449
NSLKDD,23,label_affinity,topn,0.9552104258678092
NSLKDD,23,label_affinity,random_n,0.3605223050607065
NSLKDD,24,label_affinity,topn,1.0
NSLKDD,24,label_affinity,random_n,0.23492249393983225
NSLKDD,25,label_affinity,topn,0.9697702675208713
NSLKDD,25,label_affinity,random_n,0.6150489766808993
NSLKDD,26,label_affinity,topn,0.9902827456363612
NSLKDD,26,label_affinity,random_n,0.43449826083790993
NSLKDD,27,label_affinity,topn,0.9664690271854406
NSLKDD,27,label_affinity,random_n,0.3006701419437143
NSLKDD,28,label_affinity,topn,0.8518107544977026
NSLKDD,28,label_affinity,random_n,0.48344380024567823
NSLKDD,29,label_affinity,topn,0.9997647335204197
NSLKDD,29,label_affinity,random_n,0.3616703271294721
NSLKDD,30,label_affinity,topn,0.9999648675329357
NSLKDD,30,label_affinity,random_n,0.5731193782687717
NSLKDD,31,label_affinity,topn,0.9894108145690058
NSLKDD,31,label_affinity,random_n,0.5623766304880077
NSLKDD,32,label_affinity,topn,0.9596545938588835
NSLKDD,32,label_affinity,random_n,0.1064652324197412
NSLKDD,33,label_affinity,topn,0.9062564716980894
NSLKDD,33,label_affinity,random_n,0.7124842399974675
NSLKDD,34,label_affinity,topn,0.9919147689910656
NSLKDD,34,label_affinity,random_n,0.5401448578977391
NSLKDD,35,label_affinity,topn,0.9043727771123594
NSLKDD,35,label_affinity,random_n,0.7186470484295763
NSLKDD,36,label_affinity,topn,0.9564518807659596
NSLKDD,36,label_affinity,random_n,0.3650720744652925
NSLKDD,37,label_affinity,topn,0.8991993402854265
NSLKDD,37,label_affinity,random_n,0.35796410611363516
NSLKDD,38,label_affinity,topn,0.9319744260526436
NSLKDD,38,label_affinity,random_n,0.6321175756889608
NSLKDD,39,label_affinity,topn,0.8305792434253222
NSLKDD,39,label_affinity,random_n,0.07727823882205363
NSLKDD,40,label_affinity,topn,0.9912617607948085
NSLKDD,40,label_affinity,random_n,0.2542486942277222
NSLKDD,41,label_affinity,topn,0.9321226947535615
NSLKDD,41,label_affinity,random_n,0.24522229036366552
NSLKDD,42,label_affinity,topn,0.9517926790108638
NSLKDD,42,label_affinity,random_n,0.7139621155311707
NSLKDD,43,label_affinity,topn,0.9820742832927691
NSLKDD,43,label_affinity,random_n,0.4682283764607667
NSLKDD,44,label_affinity,topn,0.9849552533596753
NSLKDD,44,label_affinity,random_n,0.6768721891476823
NSLKDD,45,label_affinity,topn,0.974463240771002
NSLKDD,45,label_affinity,random_n,0.5946715929091029
NSLKDD,46,label_affinity,topn,0.984990255849274
NSLKDD,46,label_affinity,random_n,0.46637586034791584
NSLKDD,47,label_affinity,topn,0.9807473036073336
NSLKDD,47,label_affinity,random_n,0.21190759165680198
NSLKDD,48,label_affinity,topn,0.9943684287279259
NSLKDD,48,label_affinity,random_n,0.6847381473272494
NSLKDD,49,label_affinity,topn,0.9219713722296552
NSLKDD,49,label_affinity,random_n,0.3077085413224978
NSLKDD,0,random,topn,0.7112422699543868
NSLKDD,0,random,random_n,0.41522994724026413
NSLKDD,1,random,topn,0.6523230930239969
NSLKDD,1,random,random_n,0.552893969003148
NSLKDD,2,random,topn,0.3887249341169537
NSLKDD,2,random,random_n,0.2853933516975689
NSLKDD,3,random,topn,0.5851711976654536
NSLKDD,3,random,random_n,0.4363134165711415
NSLKDD,4,random,topn,0.4321745171081431
NSLKDD,4,random,random_n,0.38130166301478946
NSLKDD,5,random,topn,0.19105130494690015
NSLKDD,5,random,random_n,0.5120565781597956
NSLKDD,6,random,topn,0.5576456926671416
NSLKDD,6,random,random_n,0.5738863797048569
NSLKDD,7,random,topn,0.5243684538996446
NSLKDD,7,random,random_n,0.4929237481550563
NSLKDD,8,random,topn,0.06728542676395699
NSLKDD,8,random,random_n,0.34379525678355666
NSLKDD,9,random,topn,0.4160036948171675
NSLKDD,9,random,random_n,0.2522960727412274
NSLKDD,10,random,topn,0.6976251400196206
NSLKDD,10,random,random_n,0.38977164207694365
NSLKDD,11,random,topn,0.5819146259057938
NSLKDD,11,random,random_n,0.410784871515349
NSLKDD,12,random,topn,0.42776745893872375
NSLKDD,12,random,random_n,0.5117518405231539
NSLKDD,13,random,topn,0.23736686841904472
NSLKDD,13,random,random_n,0.7835248401027993
NSLKDD,14,random,topn,0.3628333458740421
NSLKDD,14,random,random_n,0.06828494794259184
NSLKDD,15,random,topn,0.5203067302490161
NSLKDD,15,random,random_n,0.5144143312095596
NSLKDD,16,random,topn,0.9826591489436917
NSLKDD,16,random,random_n,0.47678248029387293
NSLKDD,17,random,topn,0.5866644717734957
NSLKDD,17,random,random_n,0.1511161243351609
NSLKDD,18,random,topn,0.6629091251130218
NSLKDD,18,random,random_n,0.6566812221837789
NSLKDD,19,random,topn,0.6671857091164363
NSLKDD,19,random,random_n,0.6570757164520781
NSLKDD,20,random,topn,0.10011366570142238
NSLKDD,20,random,random_n,0.5903007171029583
NSLKDD,21,random,topn,0.5724011818096074
NSLKDD,21,random,random_n,0.28338750653564615
NSLKDD,22,random,topn,0.3269093796600347
NSLKDD,22,random,random_n,0.662687345132522
NSLKDD,23,random,topn,0.0
NSLKDD,23,random,random_n,0.43539711976060214
NSLKDD,24,random,topn,0.3648069710500346
NSLKDD,24,random,random_n,0.11476350589139879
NSLKDD,25,random,topn,0.5781728949632391
NSLKDD,25,random,random_n,0.4078301806901887
NSLKDD,26,random,topn,0.4068867271344289
NSLKDD,26,random,random_n,0.09210646743092414
NSLKDD,27,random,topn,0.5137631417390544
NSLKDD,27,random,random_n,0.4889933611613613
NSLKDD,28,random,topn,0.5481388798384672
NSLKDD,28,random,random_n,0.6655094451901694
NSLKDD,29,random,topn,0.3528169139443466
NSLKDD,29,random,random_n,0.012752731672357534
NSLKDD,30,random,topn,0.41862565323351547
NSLKDD,30,random,random_n,0.019311942912326685
NSLKDD,31,random,topn,0.6642474915193871
NSLKDD,31,random,random_n,0.15768303558001565
NSLKDD,32,random,topn,0.47700287047625795
NSLKDD,32,random,random_n,0.1753615852185093
NSLKDD,33,random,topn,0.44890929298375
NSLKDD,33,random,random_n,0.1368852368475264
NSLKDD,34,random,topn,0.2782502816068883
NSLKDD,34,random,random_n,0.35722183902954474
NSLKDD,35,random,topn,0.7304645853608857
NSLKDD,35,random,random_n,0.48934241501315445
NSLKDD,36,random,topn,0.5360927030271138
NSLKDD,36,random,random_n,0.33639133755112516
NSLKDD,37,random,topn,0.7705529962355446
NSLKDD,37,random,random_n,0.6282379032497705
NSLKDD,38,random,topn,0.941520735213373
NSLKDD,38,random,random_n,0.3849732588676524
NSLKDD,39,random,topn,0.11554881839288357
NSLKDD,39,random,random_n,0.07736261299701463
NSLKDD,40,random,topn,0.4044229849783156
NSLKDD,40,random,random_n,0.5767713704566392
NSLKDD,41,random,topn,0.5479018197967559
NSLKDD,41,random,random_n,0.5487116400519965
NSLKDD,42,random,topn,0.32384892379769575
NSLKDD,42,random,random_n,0.47328194574133
NSLKDD,43,random,topn,0.5674741471624567
NSLKDD,43,random,random_n,0.878258422724425
NSLKDD,44,random,topn,0.12109765443605351
NSLKDD,44,random,random_n,0.6841176077640876
NSLKDD,45,random,topn,0.4407142983139298
NSLKDD,45,random,random_n,0.446275665293045
NSLKDD,46,random,topn,0.5889861413647995
NSLKDD,46,random,random_n,0.002567352377509481
NSLKDD,47,random,topn,0.06292884567291472
NSLKDD,47,random,random_n,0.7357041294883078
NSLKDD,48,random,topn,0.7477808095409325
NSLKDD,48,random,random_n,0.43647779469520537
NSLKDD,49,random,topn,0.22874165765938737
NSLKDD,49,random,random_n,0.20521753977503251
NSLKDD,0,label_affinity,topn,0.9922789007825382
NSLKDD,0,label_affinity,random_n,0.555286119902707
NSLKDD,1,label_affinity,topn,0.9715254305658586
NSLKDD,1,label_affinity,random_n,0.5262806379696795
NSLKDD,2,label_affinity,topn,0.8403624687953496
NSLKDD,2,label_affinity,random_n,0.12274387241861288
NSLKDD,3,label_affinity,topn,0.9695432933631613
NSLKDD,3,label_affinity,random_n,0.8587146844752326
NSLKDD,4,label_affinity,topn,0.9903739173183471
NSLKDD,4,label_affinity,random_n,0.3822102575728501
NSLKDD,5,label_affinity,topn,0.9030672164235333
NSLKDD,5,label_affinity,random_n,0.6065888187137083
NSLKDD,6,label_affinity,topn,0.9718356177262343
NSLKDD,6,label_affinity,random_n,0.401046981233232
NSLKDD,7,label_affinity,topn,0.9698724324708922
NSLKDD,7,label_affinity,random_n,0.4861283344133276
NSLKDD,8,label_affinity,topn,0.8341351742955657
NSLKDD,8,label_affinity,random_n,0.44415069075925695
NSLKDD,9,label_affinity,topn,0.900210208712641
NSLKDD,9,label_affinity,random_n,0.5441690695576661
NSLKDD,10,label_affinity,topn,0.9999648675329357
NSLKDD,10,label_affinity,random_n,0.6671466985633497
NSLKDD,11,label_affinity,topn,0.912554580645224
NSLKDD,11,label_affinity,random_n,0.3979684058371995
NSLKDD,12,label_affinity,topn,0.9384355684878601
NSLKDD,12,label_affinity,random_n,0.39892083124629646
NSLKDD,13,label_affinity,topn,0.9713726141984423
NSLKDD,13,label_affinity,random_n,0.5171439089191785
NSLKDD,14,label_affinity,topn,0.9978813480278902
NSLKDD,14,label_affinity,random_n,0.05765553899805056
NSLKDD,15,label_affinity,topn,0.8354514175029122
NSLKDD,15,label_affinity,random_n,0.5794480903159254
NSLKDD,16,label_affinity,topn,0.9907063848140646
NSLKDD,16,label_affinity,random_n,0.6498881170856812
NSLKDD,17,label_affinity,topn,0.9520752489751342
NSLKDD,17,label_affinity,random_n,0.34461916748977744
NSLKDD,18,label_affinity,topn,0.9909603606942934
NSLKDD,18,label_affinity,random_n,0.4595859057454155
NSLKDD,19,label_affinity,topn,0.9896886637885777
NSLKDD,19,label_affinity,random_n,0.9516218161517381
NSLKDD,20,label_affinity,topn,0.9806558779703155
NSLKDD,20,label_affinity,random_n,0.07005641649536726
NSLKDD,21,label_affinity,topn,0.886178531082817
NSLKDD,21,label_affinity,random_n,0.228516607154533
NSLKDD,22,label_affinity,topn,0.9957780952340082
NSLKDD,22,label_affinity,random_n,0.6014737061728089
NSLKDD,23,label_affinity,topn,0.9552104258678092
NSLKDD,23,label_affinity,random_n,0.3460562023082299
NSLKDD,24,label_affinity,topn,1.0
NSLKDD,24,label_affinity,random_n,0.37872824515112863
NSLKDD,25,label_affinity,topn,0.9697702675208713
NSLKDD,25,label_affinity,random_n,0.5856582489877721
NSLKDD,26,label_affinity,topn,0.9902827456363612
NSLKDD,26,label_affinity,random_n,0.3224362172609078
NSLKDD,27,label_affinity,topn,0.9664690271854406
NSLKDD,27,label_affinity,random_n,0.258698248410501
NSLKDD,28,label_affinity,topn,0.8518107544977026
NSLKDD,28,label_affinity,random_n,0.532119927195219
NSLKDD,29,label_affinity,topn,0.9997647335204197
NSLKDD,29,label_affinity,random_n,0.7068742910568419
NSLKDD,30,label_affinity,topn,0.9999648675329357
NSLKDD,30,label_affinity,random_n,0.33512788326627224
NSLKDD,31,label_affinity,topn,0.9894108145690058
NSLKDD,31,label_affinity,random_n,0.45508112088416225
NSLKDD,32,label_affinity,topn,0.9596545938588835
NSLKDD,32,label_affinity,random_n,0.43882128544892685
NSLKDD,33,label_affinity,topn,0.9062564716980894
NSLKDD,33,label_affinity,random_n,0.6513847292485209
NSLKDD,34,label_affinity,topn,0.9919147689910656
NSLKDD,34,label_affinity,random_n,0.40814390619368623
NSLKDD,35,label_affinity,topn,0.9043727771123594
NSLKDD,35,label_affinity,random_n,0.5606904714358655
NSLKDD,36,label_affinity,topn,0.9564518807659596
NSLKDD,36,label_affinity,random_n,0.27397078475552744
NSLKDD,37,label_affinity,topn,0.8991993402854265
NSLKDD,37,label_affinity,random_n,0.7423106190536896
NSLKDD,38,label_affinity,topn,0.9319744260526436
NSLKDD,38,label_affinity,random_n,0.5069768501167516
NSLKDD,39,label_affinity,topn,0.8305792434253222
NSLKDD,39,label_affinity,random_n,0.032963982036781525
NSLKDD,40,label_affinity,topn,0.9912617607948085
NSLKDD,40,label_affinity,random_n,0.5742406455125494
NSLKDD,41,label_affinity,topn,0.9321226947535615
NSLKDD,41,label_affinity,random_n,0.5228814994153729
NSLKDD,42,label_affinity,topn,0.9517926790108638
NSLKDD,42,label_affinity,random_n,0.1382550294040306
NSLKDD,43,label_affinity,topn,0.9820742832927691
NSLKDD,43,label_affinity,random_n,0.7105221844586896
NSLKDD,44,label_affinity,topn,0.9849552533596753
NSLKDD,44,label_affinity,random_n,0.3485328575094831
NSLKDD,45,label_affinity,topn,0.974463240771002
NSLKDD,45,label_affinity,random_n,0.6673128119174324
NSLKDD,46,label_affinity,topn,0.984990255849274
NSLKDD,46,label_affinity,random_n,0.3223481851154962
NSLKDD,47,label_affinity,topn,0.9807473036073336
NSLKDD,47,label_affinity,random_n,0.6369199393499054
NSLKDD,48,label_affinity,topn,0.9943684287279259
NSLKDD,48,label_affinity,random_n,0.19515217952767347
NSLKDD,49,label_affinity,topn,0.9219713722296552
NSLKDD,49,label_affinity,random_n,0.25323883347368215
NSLKDD,0,random,topn,0.7112422699543868
NSLKDD,0,random,random_n,0.48052740463042465
NSLKDD,1,random,topn,0.6523230930239969
NSLKDD,1,random,random_n,0.18976738731346546
NSLKDD,2,random,topn,0.3887249341169537
NSLKDD,2,random,random_n,0.4450101531026663
NSLKDD,3,random,topn,0.5851711976654536
NSLKDD,3,random,random_n,0.5391168920036394
NSLKDD,4,random,topn,0.4321745171081431
NSLKDD,4,random,random_n,0.0425059624762708
NSLKDD,5,random,topn,0.19105130494690015
NSLKDD,5,random,random_n,0.3759801502467901
NSLKDD,6,random,topn,0.5576456926671416
NSLKDD,6,random,random_n,0.24006772738506102
NSLKDD,7,random,topn,0.5243684538996446
NSLKDD,7,random,random_n,0.7470860595228489
NSLKDD,8,random,topn,0.06728542676395699
NSLKDD,8,random,random_n,0.47510911278122775
NSLKDD,9,random,topn,0.4160036948171675
NSLKDD,9,random,random_n,0.48468101359355903
NSLKDD,10,random,topn,0.6976251400196206
NSLKDD,10,random,random_n,0.002634893477039787
NSLKDD,11,random,topn,0.5819146259057938
NSLKDD,11,random,random_n,0.6147037847402785
NSLKDD,12,random,topn,0.42776745893872375
NSLKDD,12,random,random_n,0.2552257805564835
NSLKDD,13,random,topn,0.23736686841904472
NSLKDD,13,random,random_n,0.7100571314372891
NSLKDD,14,random,topn,0.3628333458740421
NSLKDD,14,random,random_n,0.6944343045191185
NSLKDD,15,random,topn,0.5203067302490161
NSLKDD,15,random,random_n,0.27112026621353263
NSLKDD,16,random,topn,0.9826591489436917
NSLKDD,16,random,random_n,0.40001908457029484
NSLKDD,17,random,topn,0.5866644717734957
NSLKDD,17,random,random_n,0.34351299234122057
NSLKDD,18,random,topn,0.6629091251130218
NSLKDD,18,random,random_n,0.4812239032225693
NSLKDD,19,random,topn,0.6671857091164363
NSLKDD,19,random,random_n,0.42403960887081
NSLKDD,20,random,topn,0.10011366570142238
NSLKDD,20,random,random_n,0.3768679731558841
NSLKDD,21,random,topn,0.5724011818096074
NSLKDD,21,random,random_n,0.8108154651162326
NSLKDD,22,random,topn,0.3269093796600347
NSLKDD,22,random,random_n,0.140071576546229
NSLKDD,23,random,topn,0.0
NSLKDD,23,random,random_n,0.6245381473294424
NSLKDD,24,random,topn,0.3648069710500346
NSLKDD,24,random,random_n,0.10648187268346532
NSLKDD,25,random,topn,0.5781728949632391
NSLKDD,25,random,random_n,0.7260254013200834
NSLKDD,26,random,topn,0.4068867271344289
NSLKDD,26,random,random_n,0.11817923978497062
NSLKDD,27,random,topn,0.5137631417390544
NSLKDD,27,random,random_n,0.6460519259327951
NSLKDD,28,random,topn,0.5481388798384672
NSLKDD,28,random,random_n,0.09019119641014979
NSLKDD,29,random,topn,0.3528169139443466
NSLKDD,29,random,random_n,0.3336349782539196
NSLKDD,30,random,topn,0.41862565323351547
NSLKDD,30,random,random_n,0.08681464524914716
NSLKDD,31,random,topn,0.6642474915193871
NSLKDD,31,random,random_n,0.49425510473303746
NSLKDD,32,random,topn,0.47700287047625795
NSLKDD,32,random,random_n,0.25054707825645434
NSLKDD,33,random,topn,0.44890929298375
NSLKDD,33,random,random_n,0.6313282024731944
NSLKDD,34,random,topn,0.2782502816068883
NSLKDD,34,random,random_n,0.37674204348311124
NSLKDD,35,random,topn,0.7304645853608857
NSLKDD,35,random,random_n,0.540780091734247
NSLKDD,36,random,topn,0.5360927030271138
NSLKDD,36,random,random_n,0.36691942011808315
NSLKDD,37,random,topn,0.7705529962355446
NSLKDD,37,random,random_n,0.4793139466540948
NSLKDD,38,random,topn,0.941520735213373
NSLKDD,38,random,random_n,0.9660896810058747
NSLKDD,39,random,topn,0.11554881839288357
NSLKDD,39,random,random_n,0.0472761111737899
NSLKDD,40,random,topn,0.4044229849783156
NSLKDD,40,random,random_n,0.6794062834124682
NSLKDD,41,random,topn,0.5479018197967559
NSLKDD,41,random,random_n,0.6698600891281775
NSLKDD,42,random,topn,0.32384892379769575
NSLKDD,42,random,random_n,0.5710930396666679
NSLKDD,43,random,topn,0.5674741471624567
NSLKDD,43,random,random_n,0.4346142708399845
NSLKDD,44,random,topn,0.12109765443605351
NSLKDD,44,random,random_n,0.09459150856628762
NSLKDD,45,random,topn,0.4407142983139298
NSLKDD,45,random,random_n,0.2387771141235614
NSLKDD,46,random,topn,0.5889861413647995
NSLKDD,46,random,random_n,0.8916793931516889
NSLKDD,47,random,topn,0.06292884567291472
NSLKDD,47,random,random_n,0.6782444298396703
NSLKDD,48,random,topn,0.7477808095409325
NSLKDD,48,random,random_n,0.6783391019349055
NSLKDD,49,random,topn,0.22874165765938737
NSLKDD,49,random,random_n,0.750295143546796
NSLKDD,0,label_affinity,topn,0.9922789007825382
NSLKDD,0,label_affinity,random_n,0.15010976084687477
NSLKDD,1,label_affinity,topn,0.9715254305658586
NSLKDD,1,label_affinity,random_n,0.9060132412795726
NSLKDD,2,label_affinity,topn,0.8403624687953496
NSLKDD,2,label_affinity,random_n,0.1532868399275805
NSLKDD,3,label_affinity,topn,0.9695432933631613
NSLKDD,3,label_affinity,random_n,0.811257378963336
NSLKDD,4,label_affinity,topn,0.9903739173183471
NSLKDD,4,label_affinity,random_n,0.9999648675329357
NSLKDD,5,label_affinity,topn,0.9030672164235333
NSLKDD,5,label_affinity,random_n,0.3390492910522633
NSLKDD,6,label_affinity,topn,0.9718356177262343
NSLKDD,6,label_affinity,random_n,0.23701205323636798
NSLKDD,7,label_affinity,topn,0.9698724324708922
NSLKDD,7,label_affinity,random_n,0.6953298131682805
NSLKDD,8,label_affinity,topn,0.8341351742955657
NSLKDD,8,label_affinity,random_n,0.32482048669298996
NSLKDD,9,label_affinity,topn,0.900210208712641
NSLKDD,9,label_affinity,random_n,0.3917432930648051
NSLKDD,10,label_affinity,topn,0.9999648675329357
NSLKDD,10,label_affinity,random_n,0.9634624071693683
NSLKDD,11,label_affinity,topn,0.912554580645224
NSLKDD,11,label_affinity,random_n,0.47450496724320806
NSLKDD,12,label_affinity,topn,0.9384355684878601
NSLKDD,12,label_affinity,random_n,0.33699841549523696
NSLKDD,13,label_affinity,topn,0.9713726141984423
NSLKDD,13,label_affinity,random_n,0.3615492338376369
NSLKDD,14,label_affinity,topn,0.9978813480278902
NSLKDD,14,label_affinity,random_n,0.35825953744790023
NSLKDD,15,label_affinity,topn,0.8354514175029122
NSLKDD,15,label_affinity,random_n,0.5368627060175548
NSLKDD,16,label_affinity,topn,0.9907063848140646
NSLKDD,16,label_affinity,random_n,0.10457337690511354
NSLKDD,17,label_affinity,topn,0.9520752489751342
NSLKDD,17,label_affinity,random_n,0.6182832352357605
NSLKDD,18,label_affinity,topn,0.9909603606942934
NSLKDD,18,label_affinity,random_n,0.3649200994010248
NSLKDD,19,label_affinity,topn,0.9896886637885777
NSLKDD,19,label_affinity,random_n,0.388785333360564
NSLKDD,20,label_affinity,topn,0.9806558779703155
NSLKDD,20,label_affinity,random_n,0.32306267078111756
NSLKDD,21,label_affinity,topn,0.886178531082817
NSLKDD,21,label_affinity,random_n,0.24077902098787618
NSLKDD,22,label_affinity,topn,0.9957780952340082
NSLKDD,22,label_affinity,random_n,0.6401573888287483
NSLKDD,23,label_affinity,topn,0.9552104258678092
NSLKDD,23,label_affinity,random_n,0.24632822724800785
NSLKDD,24,label_affinity,topn,1.0
NSLKDD,24,label_affinity,random_n,0.4995044927252783
NSLKDD,25,label_affinity,topn,0.9697702675208713
NSLKDD,25,label_affinity,random_n,0.48967219484794605
NSLKDD,26,label_affinity,topn,0.9902827456363612
NSLKDD,26,label_affinity,random_n,0.710507738814656
NSLKDD,27,label_affinity,topn,0.9664690271854406
NSLKDD,27,label_affinity,random_n,0.4702944534333464
NSLKDD,28,label_affinity,topn,0.8518107544977026
NSLKDD,28,label_affinity,random_n,0.21953738981069792
NSLKDD,29,label_affinity,topn,0.9997647335204197
NSLKDD,29,label_affinity,random_n,0.02728688971989676
NSLKDD,30,label_affinity,topn,0.9999648675329357
NSLKDD,30,label_affinity,random_n,0.6310469141758911
NSLKDD,31,label_affinity,topn,0.9894108145690058
NSLKDD,31,label_affinity,random_n,0.5205343348801835
NSLKDD,32,label_affinity,topn,0.9596545938588835
NSLKDD,32,label_affinity,random_n,0.40361552066062867
NSLKDD,33,label_affinity,topn,0.9062564716980894
NSLKDD,33,label_affinity,random_n,0.716121080009026
NSLKDD,34,label_affinity,topn,0.9919147689910656
NSLKDD,34,label_affinity,random_n,0.6150286701440978
NSLKDD,35,label_affinity,topn,0.9043727771123594
NSLKDD,35,label_affinity,random_n,0.6895409581268659
NSLKDD,36,label_affinity,topn,0.9564518807659596
NSLKDD,36,label_affinity,random_n,0.662072149817653
NSLKDD,37,label_affinity,topn,0.8991993402854265
NSLKDD,37,label_affinity,random_n,0.451947505263516
NSLKDD,38,label_affinity,topn,0.9319744260526436
NSLKDD,38,label_affinity,random_n,0.7866962083003557
NSLKDD,39,label_affinity,topn,0.8305792434253222
NSLKDD,39,label_affinity,random_n,0.3013128380819173
NSLKDD,40,label_affinity,topn,0.9912617607948085
NSLKDD,40,label_affinity,random_n,0.49848897112053553
NSLKDD,41,label_affinity,topn,0.9321226947535615
NSLKDD,41,label_affinity,random_n,0.2883286308541763
NSLKDD,42,label_affinity,topn,0.9517926790108638
NSLKDD,42,label_affinity,random_n,0.4360297983290992
NSLKDD,43,label_affinity,topn,0.9820742832927691
NSLKDD,43,label_affinity,random_n,0.2590654328014503
NSLKDD,44,label_affinity,topn,0.9849552533596753
NSLKDD,44,label_affinity,random_n,0.03294069821414198
NSLKDD,45,label_affinity,topn,0.974463240771002
NSLKDD,45,label_affinity,random_n,0.41706341153433774
NSLKDD,46,label_affinity,topn,0.984990255849274
NSLKDD,46,label_affinity,random_n,0.05062807994823432
NSLKDD,47,label_affinity,topn,0.9807473036073336
NSLKDD,47,label_affinity,random_n,0.3856757619762626
NSLKDD,48,label_affinity,topn,0.9943684287279259
NSLKDD,48,label_affinity,random_n,0.3579317923262044
NSLKDD,49,label_affinity,topn,0.9219713722296552
NSLKDD,49,label_affinity,random_n,0.4804153152089905
NSLKDD,0,random,topn,0.7112422699543868
NSLKDD,0,random,random_n,0.12986214154561804
NSLKDD,1,random,topn,0.6523230930239969
NSLKDD,1,random,random_n,0.19275954799644243
NSLKDD,2,random,topn,0.3887249341169537
NSLKDD,2,random,random_n,0.18965124759008822
NSLKDD,3,random,topn,0.5851711976654536
NSLKDD,3,random,random_n,0.4436784762030284
NSLKDD,4,random,topn,0.4321745171081431
NSLKDD,4,random,random_n,0.08953178704892624
NSLKDD,5,random,topn,0.19105130494690015
NSLKDD,5,random,random_n,0.4218438825806901
NSLKDD,6,random,topn,0.5576456926671416
NSLKDD,6,random,random_n,0.3903033579551641
NSLKDD,7,random,topn,0.5243684538996446
NSLKDD,7,random,random_n,0.7463552712436364
NSLKDD,8,random,topn,0.06728542676395699
NSLKDD,8,random,random_n,0.35997939368293147
NSLKDD,9,random,topn,0.4160036948171675
NSLKDD,9,random,random_n,0.4181163619946365
NSLKDD,10,random,topn,0.6976251400196206
NSLKDD,10,random,random_n,0.12129201639350412
NSLKDD,11,random,topn,0.5819146259057938
NSLKDD,11,random,random_n,0.28562048466858064
NSLKDD,12,random,topn,0.42776745893872375
NSLKDD,12,random,random_n,0.45394914542458537
NSLKDD,13,random,topn,0.23736686841904472
NSLKDD,13,random,random_n,0.6402665471350494
NSLKDD,14,random,topn,0.3628333458740421
NSLKDD,14,random,random_n,0.41662694945918183
NSLKDD,15,random,topn,0.5203067302490161
NSLKDD,15,random,random_n,0.7642189664593189
NSLKDD,16,random,topn,0.9826591489436917
NSLKDD,16,random,random_n,0.6075669965120707
NSLKDD,17,random,topn,0.5866644717734957
NSLKDD,17,random,random_n,0.033408523712316306
NSLKDD,18,random,topn,0.6629091251130218
NSLKDD,18,random,random_n,0.516690250321609
NSLKDD,19,random,topn,0.6671857091164363
NSLKDD,19,random,random_n,0.9221677913607289
NSLKDD,20,random,topn,0.10011366570142238
NSLKDD,20,random,random_n,0.43851719276374096
NSLKDD,21,random,topn,0.5724011818096074
NSLKDD,21,random,random_n,0.5311469920360051
NSLKDD,22,random,topn,0.3269093796600347
NSLKDD,22,random,random_n,0.7539515304414236
NSLKDD,23,random,topn,0.0
NSLKDD,23,random,random_n,0.5443880586483841
NSLKDD,24,random,topn,0.3648069710500346
NSLKDD,24,random,random_n,0.015199524176149809
NSLKDD,25,random,topn,0.5781728949632391
NSLKDD,25,random,random_n,0.7533876634948253
NSLKDD,26,random,topn,0.4068867271344289
NSLKDD,26,random,random_n,0.7235522533079412
NSLKDD,27,random,topn,0.5137631417390544
NSLKDD,27,random,random_n,0.7501018359149975
NSLKDD,28,random,topn,0.5481388798384672
NSLKDD,28,random,random_n,0.2323629263445063
NSLKDD,29,random,topn,0.3528169139443466
NSLKDD,29,random,random_n,0.364868746865795
NSLKDD,30,random,topn,0.41862565323351547
NSLKDD,30,random,random_n,0.5946478144912907
NSLKDD,31,random,topn,0.6642474915193871
NSLKDD,31,random,random_n,0.176352707254429
NSLKDD,32,random,topn,0.47700287047625795
NSLKDD,32,random,random_n,0.7602472098149281
NSLKDD,33,random,topn,0.44890929298375
NSLKDD,33,random,random_n,0.4788659572738195
NSLKDD,34,random,topn,0.2782502816068883
NSLKDD,34,random,random_n,0.6082804941272494
NSLKDD,35,random,topn,0.7304645853608857
NSLKDD,35,random,random_n,0.7441796961408563
NSLKDD,36,random,topn,0.5360927030271138
NSLKDD,36,random,random_n,0.3450068321873317
NSLKDD,37,random,topn,0.7705529962355446
NSLKDD,37,random,random_n,0.5289747997809522
NSLKDD,38,random,topn,0.941520735213373
NSLKDD,38,random,random_n,0.519892547999668
NSLKDD,39,random,topn,0.11554881839288357
NSLKDD,39,random,random_n,0.34593648708739627
NSLKDD,40,random,topn,0.4044229849783156
NSLKDD,40,random,random_n,0.27948842236867577
NSLKDD,41,random,topn,0.5479018197967559
NSLKDD,41,random,random_n,0.3393377641411526
NSLKDD,42,random,topn,0.32384892379769575
NSLKDD,42,random,random_n,0.3592694386428594
NSLKDD,43,random,topn,0.5674741471624567
NSLKDD,43,random,random_n,0.6894014155639888
NSLKDD,44,random,topn,0.12109765443605351
NSLKDD,44,random,random_n,0.335250520483033
NSLKDD,45,random,topn,0.4407142983139298
NSLKDD,45,random,random_n,0.6821938025625265
NSLKDD,46,random,topn,0.5889861413647995
NSLKDD,46,random,random_n,0.14987305264915798
NSLKDD,47,random,topn,0.06292884567291472
NSLKDD,47,random,random_n,0.6698499061629706
NSLKDD,48,random,topn,0.7477808095409325
NSLKDD,48,random,random_n,0.39923269305504244
NSLKDD,49,random,topn,0.22874165765938737
NSLKDD,49,random,random_n,0.6216380693421861
NSLKDD,0,label_affinity,topn,0.9922789007825382
NSLKDD,0,label_affinity,random_n,0.314882037079908
NSLKDD,1,label_affinity,topn,0.9715254305658586
NSLKDD,1,label_affinity,random_n,0.39425457094810884
NSLKDD,2,label_affinity,topn,0.8403624687953496
NSLKDD,2,label_affinity,random_n,0.14799934989852273
NSLKDD,3,label_affinity,topn,0.9695432933631613
NSLKDD,3,label_affinity,random_n,0.48957034122526405
NSLKDD,4,label_affinity,topn,0.9903739173183471
NSLKDD,4,label_affinity,random_n,0.3060584563559126
NSLKDD,5,label_affinity,topn,0.9030672164235333
NSLKDD,5,label_affinity,random_n,0.5865789507116347
NSLKDD,6,label_affinity,topn,0.9718356177262343
NSLKDD,6,label_affinity,random_n,0.5775067248796731
NSLKDD,7,label_affinity,topn,0.9698724324708922
NSLKDD,7,label_affinity,random_n,0.34022944815623585
NSLKDD,8,label_affinity,topn,0.8341351742955657
NSLKDD,8,label_affinity,random_n,0.3235414644380386
NSLKDD,9,label_affinity,topn,0.900210208712641
NSLKDD,9,label_affinity,random_n,0.6087444610825187
NSLKDD,10,label_affinity,topn,0.9999648675329357
NSLKDD,10,label_affinity,random_n,0.3932461370633078
NSLKDD,11,label_affinity,topn,0.912554580645224
NSLKDD,11,label_affinity,random_n,0.5598903960473004
NSLKDD,12,label_affinity,topn,0.9384355684878601
NSLKDD,12,label_affinity,random_n,0.4658669666651951
NSLKDD,13,label_affinity,topn,0.9713726141984423
NSLKDD,13,label_affinity,random_n,0.5446061656329967
NSLKDD,14,label_affinity,topn,0.9978813480278902
NSLKDD,14,label_affinity,random_n,0.14305872634841157
NSLKDD,15,label_affinity,topn,0.8354514175029122
NSLKDD,15,label_affinity,random_n,0.5944276521714335
NSLKDD,16,label_affinity,topn,0.9907063848140646
NSLKDD,16,label_affinity,random_n,0.6249111079941095
NSLKDD,17,label_affinity,topn,0.9520752489751342
NSLKDD,17,label_affinity,random_n,0.27544326957125226
NSLKDD,18,label_affinity,topn,0.9909603606942934
NSLKDD,18,label_affinity,random_n,0.7959053577439367
NSLKDD,19,label_affinity,topn,0.9896886637885777
NSLKDD,19,label_affinity,random_n,0.012066531573086584
NSLKDD,20,label_affinity,topn,0.9806558779703155
NSLKDD,20,label_affinity,random_n,0.39960483412511855
NSLKDD,21,label_affinity,topn,0.886178531082817
NSLKDD,21,label_affinity,random_n,0.3422191319273426
NSLKDD,22,label_affinity,topn,0.9957780952340082
NSLKDD,22,label_affinity,random_n,0.7385832263670377
NSLKDD,23,label_affinity,topn,0.9552104258678092
NSLKDD,23,label_affinity,random_n,0.23616979525974494
NSLKDD,24,label_affinity,topn,1.0
NSLKDD,24,label_affinity,random_n,0.44853242438978613
NSLKDD,25,label_affinity,topn,0.9697702675208713
NSLKDD,25,label_affinity,random_n,0.848960824702548
NSLKDD,26,label_affinity,topn,0.9902827456363612
NSLKDD,26,label_affinity,random_n,0.40217607083518686
NSLKDD,27,label_affinity,topn,0.9664690271854406
NSLKDD,27,label_affinity,random_n,0.644488305893593
NSLKDD,28,label_affinity,topn,0.8518107544977026
NSLKDD,28,label_affinity,random_n,0.30399805409067626
NSLKDD,29,label_affinity,topn,0.9997647335204197
NSLKDD,29,label_affinity,random_n,0.007406119497905911
NSLKDD,30,label_affinity,topn,0.9999648675329357
NSLKDD,30,label_affinity,random_n,0.016490759373261468
NSLKDD,31,label_affinity,topn,0.9894108145690058
NSLKDD,31,label_affinity,random_n,0.33469565788878364
NSLKDD,32,label_affinity,topn,0.9596545938588835
NSLKDD,32,label_affinity,random_n,0.5812370642552291
NSLKDD,33,label_affinity,topn,0.9062564716980894
NSLKDD,33,label_affinity,random_n,0.854929941182072
NSLKDD,34,label_affinity,topn,0.9919147689910656
NSLKDD,34,label_affinity,random_n,0.4084170636547497
NSLKDD,35,label_affinity,topn,0.9043727771123594
NSLKDD,35,label_affinity,random_n,0.49881810349859323
NSLKDD,36,label_affinity,topn,0.9564518807659596
NSLKDD,36,label_affinity,random_n,0.5858975246972692
NSLKDD,37,label_affinity,topn,0.8991993402854265
NSLKDD,37,label_affinity,random_n,0.6966676008256854
NSLKDD,38,label_affinity,topn,0.9319744260526436
NSLKDD,38,label_affinity,random_n,0.23963901783041885
NSLKDD,39,label_affinity,topn,0.8305792434253222
NSLKDD,39,label_affinity,random_n,0.2665431839178258
NSLKDD,40,label_affinity,topn,0.9912617607948085
NSLKDD,40,label_affinity,random_n,0.9706877753255395
NSLKDD,41,label_affinity,topn,0.9321226947535615
NSLKDD,41,label_affinity,random_n,0.4495139916714757
NSLKDD,42,label_affinity,topn,0.9517926790108638
NSLKDD,42,label_affinity,random_n,0.28335525465413314
NSLKDD,43,label_affinity,topn,0.9820742832927691
NSLKDD,43,label_affinity,random_n,0.741801155828803
NSLKDD,44,label_affinity,topn,0.9849552533596753
NSLKDD,44,label_affinity,random_n,0.08344088418892885
NSLKDD,45,label_affinity,topn,0.974463240771002
NSLKDD,45,label_affinity,random_n,0.6873759974840533
NSLKDD,46,label_affinity,topn,0.984990255849274
NSLKDD,46,label_affinity,random_n,0.4179744425225919
NSLKDD,47,label_affinity,topn,0.9807473036073336
NSLKDD,47,label_affinity,random_n,0.38346488742423995
NSLKDD,48,label_affinity,topn,0.9943684287279259
NSLKDD,48,label_affinity,random_n,0.5989462544481698
NSLKDD,49,label_affinity,topn,0.9219713722296552
NSLKDD,49,label_affinity,random_n,0.6321929332876781
NSLKDD,0,random,topn,0.7112422699543868
NSLKDD,0,random,random_n,0.7079967652870548
NSLKDD,1,random,topn,0.6523230930239969
NSLKDD,1,random,random_n,0.5077010896614265
NSLKDD,2,random,topn,0.3887249341169537
NSLKDD,2,random,random_n,0.4944322583043068
NSLKDD,3,random,topn,0.5851711976654536
NSLKDD,3,random,random_n,0.17596477510083308
NSLKDD,4,random,topn,0.4321745171081431
NSLKDD,4,random,random_n,0.9870671842317625
NSLKDD,5,random,topn,0.19105130494690015
NSLKDD,5,random,random_n,0.6150196010843015
NSLKDD,6,random,topn,0.5576456926671416
NSLKDD,6,random,random_n,0.3395752992382415
NSLKDD,7,random,topn,0.5243684538996446
NSLKDD,7,random,random_n,0.5233781889656439
NSLKDD,8,random,topn,0.06728542676395699
NSLKDD,8,random,random_n,0.40045839891916474
NSLKDD,9,random,topn,0.4160036948171675
NSLKDD,9,random,random_n,0.5538890163530753
NSLKDD,10,random,topn,0.6976251400196206
NSLKDD,10,random,random_n,0.39501367325372133
NSLKDD,11,random,topn,0.5819146259057938
NSLKDD,11,random,random_n,0.68690140862733
NSLKDD,12,random,topn,0.42776745893872375
NSLKDD,12,random,random_n,0.28627484410708753
NSLKDD,13,random,topn,0.23736686841904472
NSLKDD,13,random,random_n,0.28152907810426747
NSLKDD,14,random,topn,0.3628333458740421
NSLKDD,14,random,random_n,0.04903350374475421
NSLKDD,15,random,topn,0.5203067302490161
NSLKDD,15,random,random_n,0.5124834531039651
NSLKDD,16,random,topn,0.9826591489436917
NSLKDD,16,random,random_n,0.59465240092878
NSLKDD,17,random,topn,0.5866644717734957
NSLKDD,17,random,random_n,0.7300118034026996
NSLKDD,18,random,topn,0.6629091251130218
NSLKDD,18,random,random_n,0.9309202799466719
NSLKDD,19,random,topn,0.6671857091164363
NSLKDD,19,random,random_n,0.3643269391533515
NSLKDD,20,random,topn,0.10011366570142238
NSLKDD,20,random,random_n,0.5193600789045861
NSLKDD,21,random,topn,0.5724011818096074
NSLKDD,21,random,random_n,0.6147534135699021
NSLKDD,22,random,topn,0.3269093796600347
NSLKDD,22,random,random_n,0.3275413147628439
NSLKDD,23,random,topn,0.0
NSLKDD,23,random,random_n,0.39703557525628885
NSLKDD,24,random,topn,0.3648069710500346
NSLKDD,24,random,random_n,0.20089228451401528
NSLKDD,25,random,topn,0.5781728949632391
NSLKDD,25,random,random_n,0.4517159354657745
NSLKDD,26,random,topn,0.4068867271344289
NSLKDD,26,random,random_n,0.03595944913278017
NSLKDD,27,random,topn,0.5137631417390544
NSLKDD,27,random,random_n,0.7849882121773053
NSLKDD,28,random,topn,0.5481388798384672
NSLKDD,28,random,random_n,0.5302959081827773
NSLKDD,29,random,topn,0.3528169139443466
NSLKDD,29,random,random_n,0.22556613744913934
NSLKDD,30,random,topn,0.41862565323351547
NSLKDD,30,random,random_n,0.005187287427619991
NSLKDD,31,random,topn,0.6642474915193871
NSLKDD,31,random,random_n,0.44702894229243384
NSLKDD,32,random,topn,0.47700287047625795
NSLKDD,32,random,random_n,0.7333460448922348
NSLKDD,33,random,topn,0.44890929298375
NSLKDD,33,random,random_n,0.9336249194003093
NSLKDD,34,random,topn,0.2782502816068883
NSLKDD,34,random,random_n,0.37501936486029325
NSLKDD,35,random,topn,0.7304645853608857
NSLKDD,35,random,random_n,0.6106179062651688
NSLKDD,36,random,topn,0.5360927030271138
NSLKDD,36,random,random_n,0.6593089003048681
NSLKDD,37,random,topn,0.7705529962355446
NSLKDD,37,random,random_n,0.5647505960846854
NSLKDD,38,random,topn,0.941520735213373
NSLKDD,38,random,random_n,0.5328363824301477
NSLKDD,39,random,topn,0.11554881839288357
NSLKDD,39,random,random_n,0.020675598397356023
NSLKDD,40,random,topn,0.4044229849783156
NSLKDD,40,random,random_n,0.21168334920474405
NSLKDD,41,random,topn,0.5479018197967559
NSLKDD,41,random,random_n,0.673308783309983
NSLKDD,42,random,topn,0.32384892379769575
NSLKDD,42,random,random_n,0.37926896168015917
NSLKDD,43,random,topn,0.5674741471624567
NSLKDD,43,random,random_n,0.29605537925437236
NSLKDD,44,random,topn,0.12109765443605351
NSLKDD,44,random,random_n,0.03321243789030411
NSLKDD,45,random,topn,0.4407142983139298
NSLKDD,45,random,random_n,0.27925212646431313
NSLKDD,46,random,topn,0.5889861413647995
NSLKDD,46,random,random_n,0.5621109421266711
NSLKDD,47,random,topn,0.06292884567291472
NSLKDD,47,random,random_n,0.6989274565709045
NSLKDD,48,random,topn,0.7477808095409325
NSLKDD,48,random,random_n,0.3093402023471923
NSLKDD,49,random,topn,0.22874165765938737
NSLKDD,49,random,random_n,0.4688330758402462
