dataset,client_id,matrix_type,neighbor_type,mean_entropy
UNSW,0,label_affinity,topn,0.7411756017175405
UNSW,0,label_affinity,random_n,1.1302065066279436
UNSW,1,label_affinity,topn,0.24032353710849455
UNSW,1,label_affinity,random_n,1.055791667200703
UNSW,2,label_affinity,topn,1.0681124742314128
UNSW,2,label_affinity,random_n,1.2313575784353528
UNSW,3,label_affinity,topn,0.6816494836817805
UNSW,3,label_affinity,random_n,0.9708789968722384
UNSW,4,label_affinity,topn,0.7328959922573276
UNSW,4,label_affinity,random_n,1.197468088898237
UNSW,5,label_affinity,topn,0.8640695236760765
UNSW,5,label_affinity,random_n,1.203658260378473
UNSW,6,label_affinity,topn,0.9950668670926587
UNSW,6,label_affinity,random_n,0.6217719197919114
UNSW,7,label_affinity,topn,0.44719167240348523
UNSW,7,label_affinity,random_n,0.9634285920218694
UNSW,8,label_affinity,topn,1.032437905721497
UNSW,8,label_affinity,random_n,1.3567783530335722
UNSW,9,label_affinity,topn,0.5286285865080508
UNSW,9,label_affinity,random_n,1.2490415059903535
UNSW,10,label_affinity,topn,1.275166530804161
UNSW,10,label_affinity,random_n,0.9133923679309591
UNSW,11,label_affinity,topn,0.7972412423692194
UNSW,11,label_affinity,random_n,1.1362895795832635
UNSW,12,label_affinity,topn,0.9702854047478618
UNSW,12,label_affinity,random_n,0.6318773815185632
UNSW,13,label_affinity,topn,0.0
UNSW,13,label_affinity,random_n,0.7562701410226117
UNSW,14,label_affinity,topn,1.3973988562031092
UNSW,14,label_affinity,random_n,0.7056661921761865
UNSW,15,label_affinity,topn,1.343109171081119
UNSW,15,label_affinity,random_n,1.2599735524123952
UNSW,16,label_affinity,topn,0.0
UNSW,16,label_affinity,random_n,1.4505930348719627
UNSW,17,label_affinity,topn,0.5286285865080508
UNSW,17,label_affinity,random_n,1.006829210423458
UNSW,18,label_affinity,topn,1.2672911520883503
UNSW,18,label_affinity,random_n,0.8514375307547923
UNSW,19,label_affinity,topn,0.0
UNSW,19,label_affinity,random_n,0.853655883877499
UNSW,20,label_affinity,topn,1.0566177542519581
UNSW,20,label_affinity,random_n,0.8350998345198497
UNSW,21,label_affinity,topn,1.200153970972893
UNSW,21,label_affinity,random_n,1.4139732096330075
UNSW,22,label_affinity,topn,0.8578675541269657
UNSW,22,label_affinity,random_n,0.16293332057161333
UNSW,23,label_affinity,topn,1.5097027688704872
UNSW,23,label_affinity,random_n,1.0178134573042914
UNSW,24,label_affinity,topn,1.0088075977890842
UNSW,24,label_affinity,random_n,1.0368050195074996
UNSW,25,label_affinity,topn,0.8991567376496024
UNSW,25,label_affinity,random_n,1.4435177808149138
UNSW,26,label_affinity,topn,1.440501067652043
UNSW,26,label_affinity,random_n,0.9801342163498892
UNSW,27,label_affinity,topn,0.7858830524371084
UNSW,27,label_affinity,random_n,1.4538982784556513
UNSW,28,label_affinity,topn,1.2881155199368177
UNSW,28,label_affinity,random_n,1.0542735150191345
UNSW,29,label_affinity,topn,0.24032353710849455
UNSW,29,label_affinity,random_n,1.049646299645616
UNSW,30,label_affinity,topn,0.7972412423692194
UNSW,30,label_affinity,random_n,0.9555453057867608
UNSW,31,label_affinity,topn,1.1016239817278135
UNSW,31,label_affinity,random_n,0.6903215341483336
UNSW,32,label_affinity,topn,1.3280048956344548
UNSW,32,label_affinity,random_n,1.3701873834815101
UNSW,33,label_affinity,topn,0.9102526851144922
UNSW,33,label_affinity,random_n,0.8203322050473961
UNSW,34,label_affinity,topn,0.964232467832281
UNSW,34,label_affinity,random_n,0.812365840746137
UNSW,35,label_affinity,topn,0.9515380655207424
UNSW,35,label_affinity,random_n,1.0779274689248615
UNSW,36,label_affinity,topn,1.354325246377334
UNSW,36,label_affinity,random_n,0.4711193896407382
UNSW,37,label_affinity,topn,0.8996275023321906
UNSW,37,label_affinity,random_n,0.8260823704013033
UNSW,38,label_affinity,topn,1.2337289188287153
UNSW,38,label_affinity,random_n,1.2672025712573138
UNSW,39,label_affinity,topn,1.306811463373615
UNSW,39,label_affinity,random_n,0.9091593007647983
UNSW,40,label_affinity,topn,0.9493009005540888
UNSW,40,label_affinity,random_n,0.7868384367408655
UNSW,41,label_affinity,topn,0.20742003187961158
UNSW,41,label_affinity,random_n,1.2427651683479255
UNSW,42,label_affinity,topn,0.20686813529499068
UNSW,42,label_affinity,random_n,1.195776460605652
UNSW,43,label_affinity,topn,0.44774356898810613
UNSW,43,label_affinity,random_n,0.941509414760375
UNSW,44,label_affinity,topn,1.0143484461964907
UNSW,44,label_affinity,random_n,1.2731286438829041
UNSW,45,label_affinity,topn,0.25752653434489203
UNSW,45,label_affinity,random_n,0.9817950095062491
UNSW,46,label_affinity,topn,1.260280404860189
UNSW,46,label_affinity,random_n,1.0603431553913782
UNSW,47,label_affinity,topn,1.0465922311413463
UNSW,47,label_affinity,random_n,1.0744290189555823
UNSW,48,label_affinity,topn,0.5286285865080508
UNSW,48,label_affinity,random_n,1.1304131862368634
UNSW,49,label_affinity,topn,1.1641509285332408
UNSW,49,label_affinity,random_n,0.6725624100386715
UNSW,0,random,topn,0.8461603348221648
UNSW,0,random,random_n,0.6934134113607969
UNSW,1,random,topn,0.7490648329999218
UNSW,1,random,random_n,0.524961612623161
UNSW,2,random,topn,1.0632275869363903
UNSW,2,random,random_n,1.2878369149507671
UNSW,3,random,topn,0.7385014774125306
UNSW,3,random,random_n,0.8546461643046355
UNSW,4,random,topn,0.6583157254675075
UNSW,4,random,random_n,1.3299337368341215
UNSW,5,random,topn,0.9408278474851252
UNSW,5,random,random_n,0.6707466440927422
UNSW,6,random,topn,0.334560487400164
UNSW,6,random,random_n,1.184567521807865
UNSW,7,random,topn,0.7068842802644925
UNSW,7,random,random_n,0.8594006050166813
UNSW,8,random,topn,0.9601802112351736
UNSW,8,random,random_n,1.2473849937762018
UNSW,9,random,topn,1.3441078494328575
UNSW,9,random,random_n,1.2320085773669633
UNSW,10,random,topn,0.9585839642049558
UNSW,10,random,random_n,0.931940315627354
UNSW,11,random,topn,0.5001389885080338
UNSW,11,random,random_n,0.8505692208712735
UNSW,12,random,topn,0.7893612580394184
UNSW,12,random,random_n,1.0977740436794152
UNSW,13,random,topn,1.2994505757246744
UNSW,13,random,random_n,1.1442149457569324
UNSW,14,random,topn,1.056777463917008
UNSW,14,random,random_n,0.6773583457136149
UNSW,15,random,topn,1.262203301983979
UNSW,15,random,random_n,0.5486155665288879
UNSW,16,random,topn,0.5964419362971197
UNSW,16,random,random_n,0.9965690277877228
UNSW,17,random,topn,1.0333519609468296
UNSW,17,random,random_n,1.1901120054088334
UNSW,18,random,topn,0.9049771467822755
UNSW,18,random,random_n,0.8311656297098714
UNSW,19,random,topn,0.9095573831470606
UNSW,19,random,random_n,1.0088763081717391
UNSW,20,random,topn,1.4349438221535957
UNSW,20,random,random_n,0.9939463077126526
UNSW,21,random,topn,0.9102526851144922
UNSW,21,random,random_n,1.135033963060036
UNSW,22,random,topn,1.4657477039085494
UNSW,22,random,random_n,0.9825547273960392
UNSW,23,random,topn,1.0136812032922125
UNSW,23,random,random_n,0.7389811865116243
UNSW,24,random,topn,1.0686995580139875
UNSW,24,random,random_n,0.7066536815553134
UNSW,25,random,topn,0.9888384343563269
UNSW,25,random,random_n,1.1324509599706063
UNSW,26,random,topn,0.7045373429672658
UNSW,26,random,random_n,1.0041245877239582
UNSW,27,random,topn,0.25981545139953927
UNSW,27,random,random_n,1.2093525140783934
UNSW,28,random,topn,0.9245863760596779
UNSW,28,random,random_n,0.8619007317757671
UNSW,29,random,topn,1.1055158581764064
UNSW,29,random,random_n,1.0951430382791052
UNSW,30,random,topn,0.9916242228177939
UNSW,30,random,random_n,0.9789054708525268
UNSW,31,random,topn,0.8159710998717276
UNSW,31,random,random_n,1.2893390755960263
UNSW,32,random,topn,1.0235248970394724
UNSW,32,random,random_n,1.1750305811061728
UNSW,33,random,topn,1.1856577255451037
UNSW,33,random,random_n,0.417220735298564
UNSW,34,random,topn,1.3137411004305848
UNSW,34,random,random_n,1.2234784587548717
UNSW,35,random,topn,1.2691909816038622
UNSW,35,random,random_n,0.651405431983436
UNSW,36,random,topn,1.2255529996735095
UNSW,36,random,random_n,0.5437339300126793
UNSW,37,random,topn,0.7102935903266409
UNSW,37,random,random_n,1.1505792689605359
UNSW,38,random,topn,1.0132831365251915
UNSW,38,random,random_n,1.1705294781221387
UNSW,39,random,topn,1.3000118691431801
UNSW,39,random,random_n,0.9322611429695211
UNSW,40,random,topn,0.6016334786676523
UNSW,40,random,random_n,0.9543579133494434
UNSW,41,random,topn,0.7895102027640287
UNSW,41,random,random_n,0.8169635142510314
UNSW,42,random,topn,0.9682062876351575
UNSW,42,random,random_n,0.6495910904818925
UNSW,43,random,topn,1.1974225224035437
UNSW,43,random,random_n,0.8887675285247445
UNSW,44,random,topn,0.4937201196840772
UNSW,44,random,random_n,0.977425839833893
UNSW,45,random,topn,1.2748531547739748
UNSW,45,random,random_n,1.1204625325798723
UNSW,46,random,topn,0.5066155696924327
UNSW,46,random,random_n,1.1631332598259332
UNSW,47,random,topn,1.1937664151084748
UNSW,47,random,random_n,1.0340003753802627
UNSW,48,random,topn,0.4227487719711526
UNSW,48,random,random_n,0.9091126674023262
UNSW,49,random,topn,1.2139442840493695
UNSW,49,random,random_n,1.368902146076806
UNSW,0,label_affinity,topn,0.7411756017175405
UNSW,0,label_affinity,random_n,0.9921928969797488
UNSW,1,label_affinity,topn,0.24032353710849455
UNSW,1,label_affinity,random_n,1.3746141568112054
UNSW,2,label_affinity,topn,1.0681124742314128
UNSW,2,label_affinity,random_n,1.1242550040023371
UNSW,3,label_affinity,topn,0.6816494836817805
UNSW,3,label_affinity,random_n,0.4643946696398827
UNSW,4,label_affinity,topn,0.7328959922573276
UNSW,4,label_affinity,random_n,0.7522998814146186
UNSW,5,label_affinity,topn,0.8640695236760765
UNSW,5,label_affinity,random_n,0.8303662005155993
UNSW,6,label_affinity,topn,0.9950668670926587
UNSW,6,label_affinity,random_n,0.7428368885620689
UNSW,7,label_affinity,topn,0.44719167240348523
UNSW,7,label_affinity,random_n,0.8526010552545573
UNSW,8,label_affinity,topn,1.032437905721497
UNSW,8,label_affinity,random_n,1.1240425573872692
UNSW,9,label_affinity,topn,0.5286285865080508
UNSW,9,label_affinity,random_n,1.2418864996843755
UNSW,10,label_affinity,topn,1.275166530804161
UNSW,10,label_affinity,random_n,0.6580961689916796
UNSW,11,label_affinity,topn,0.7972412423692194
UNSW,11,label_affinity,random_n,0.38240040564711664
UNSW,12,label_affinity,topn,0.9702854047478618
UNSW,12,label_affinity,random_n,1.0611004540150855
UNSW,13,label_affinity,topn,0.0
UNSW,13,label_affinity,random_n,0.9240918520903635
UNSW,14,label_affinity,topn,1.3973988562031092
UNSW,14,label_affinity,random_n,0.841030329380328
UNSW,15,label_affinity,topn,1.343109171081119
UNSW,15,label_affinity,random_n,1.246959120630285
UNSW,16,label_affinity,topn,0.0
UNSW,16,label_affinity,random_n,0.7310125167161677
UNSW,17,label_affinity,topn,0.5286285865080508
UNSW,17,label_affinity,random_n,1.163611437140246
UNSW,18,label_affinity,topn,1.2672911520883503
UNSW,18,label_affinity,random_n,0.9602538140899367
UNSW,19,label_affinity,topn,0.0
UNSW,19,label_affinity,random_n,0.3700051072469082
UNSW,20,label_affinity,topn,1.0566177542519581
UNSW,20,label_affinity,random_n,1.0808745122064003
UNSW,21,label_affinity,topn,1.200153970972893
UNSW,21,label_affinity,random_n,0.5463038976090543
UNSW,22,label_affinity,topn,0.8578675541269657
UNSW,22,label_affinity,random_n,1.1145538335097782
UNSW,23,label_affinity,topn,1.5097027688704872
UNSW,23,label_affinity,random_n,0.6225552525676261
UNSW,24,label_affinity,topn,1.0088075977890842
UNSW,24,label_affinity,random_n,0.9479837211203647
UNSW,25,label_affinity,topn,0.8991567376496024
UNSW,25,label_affinity,random_n,0.8094749663325125
UNSW,26,label_affinity,topn,1.440501067652043
UNSW,26,label_affinity,random_n,0.9803908664745137
UNSW,27,label_affinity,topn,0.7858830524371084
UNSW,27,label_affinity,random_n,0.5193424204694667
UNSW,28,label_affinity,topn,1.2881155199368177
UNSW,28,label_affinity,random_n,1.450244924472564
UNSW,29,label_affinity,topn,0.24032353710849455
UNSW,29,label_affinity,random_n,0.5956264174942861
UNSW,30,label_affinity,topn,0.7972412423692194
UNSW,30,label_affinity,random_n,0.9999495478037304
UNSW,31,label_affinity,topn,1.1016239817278135
UNSW,31,label_affinity,random_n,0.49566825042433926
UNSW,32,label_affinity,topn,1.3280048956344548
UNSW,32,label_affinity,random_n,0.8204479789596143
UNSW,33,label_affinity,topn,0.9102526851144922
UNSW,33,label_affinity,random_n,1.0573679321764262
UNSW,34,label_affinity,topn,0.964232467832281
UNSW,34,label_affinity,random_n,1.1929335117150088
UNSW,35,label_affinity,topn,0.9515380655207424
UNSW,35,label_affinity,random_n,0.9569819025791485
UNSW,36,label_affinity,topn,1.354325246377334
UNSW,36,label_affinity,random_n,1.0356914189190134
UNSW,37,label_affinity,topn,0.8996275023321906
UNSW,37,label_affinity,random_n,0.9377970468300951
UNSW,38,label_affinity,topn,1.2337289188287153
UNSW,38,label_affinity,random_n,1.1155675456498069
UNSW,39,label_affinity,topn,1.306811463373615
UNSW,39,label_affinity,random_n,0.6605063796924947
UNSW,40,label_affinity,topn,0.9493009005540888
UNSW,40,label_affinity,random_n,1.2247480642359554
UNSW,41,label_affinity,topn,0.20742003187961158
UNSW,41,label_affinity,random_n,0.6449185143179738
UNSW,42,label_affinity,topn,0.20686813529499068
UNSW,42,label_affinity,random_n,0.8691963573321891
UNSW,43,label_affinity,topn,0.44774356898810613
UNSW,43,label_affinity,random_n,0.7779043185150206
UNSW,44,label_affinity,topn,1.0143484461964907
UNSW,44,label_affinity,random_n,1.1609205700849523
UNSW,45,label_affinity,topn,0.25752653434489203
UNSW,45,label_affinity,random_n,1.0251485470404575
UNSW,46,label_affinity,topn,1.260280404860189
UNSW,46,label_affinity,random_n,0.9923997258487467
UNSW,47,label_affinity,topn,1.0465922311413463
UNSW,47,label_affinity,random_n,1.2659641882732195
UNSW,48,label_affinity,topn,0.5286285865080508
UNSW,48,label_affinity,random_n,0.9999495478037304
UNSW,49,label_affinity,topn,1.1641509285332408
UNSW,49,label_affinity,random_n,1.2575767221796328
UNSW,0,random,topn,0.8461603348221648
UNSW,0,random,random_n,0.6526891986004593
UNSW,1,random,topn,0.7490648329999218
UNSW,1,random,random_n,1.0038836148598906
UNSW,2,random,topn,1.0632275869363903
UNSW,2,random,random_n,1.1632633081499273
UNSW,3,random,topn,0.7385014774125306
UNSW,3,random,random_n,1.058079574904612
UNSW,4,random,topn,0.6583157254675075
UNSW,4,random,random_n,0.9778302777561677
UNSW,5,random,topn,0.9408278474851252
UNSW,5,random,random_n,1.2214390864522258
UNSW,6,random,topn,0.334560487400164
UNSW,6,random,random_n,0.9799880395080415
UNSW,7,random,topn,0.7068842802644925
UNSW,7,random,random_n,1.1148069277643886
UNSW,8,random,topn,0.9601802112351736
UNSW,8,random,random_n,0.8902761851701992
UNSW,9,random,topn,1.3441078494328575
UNSW,9,random,random_n,1.1001728948338263
UNSW,10,random,topn,0.9585839642049558
UNSW,10,random,random_n,0.46700574571004144
UNSW,11,random,topn,0.5001389885080338
UNSW,11,random,random_n,1.1187050830398124
UNSW,12,random,topn,0.7893612580394184
UNSW,12,random,random_n,0.9125046499999986
UNSW,13,random,topn,1.2994505757246744
UNSW,13,random,random_n,0.9030026939895125
UNSW,14,random,topn,1.056777463917008
UNSW,14,random,random_n,0.8710004180554606
UNSW,15,random,topn,1.262203301983979
UNSW,15,random,random_n,0.917586772230279
UNSW,16,random,topn,0.5964419362971197
UNSW,16,random,random_n,1.1754359684857005
UNSW,17,random,topn,1.0333519609468296
UNSW,17,random,random_n,0.41304908981891747
UNSW,18,random,topn,0.9049771467822755
UNSW,18,random,random_n,1.0995569173977475
UNSW,19,random,topn,0.9095573831470606
UNSW,19,random,random_n,0.6472661094979782
UNSW,20,random,topn,1.4349438221535957
UNSW,20,random,random_n,0.856240092902218
UNSW,21,random,topn,0.9102526851144922
UNSW,21,random,random_n,1.1372862395466339
UNSW,22,random,topn,1.4657477039085494
UNSW,22,random,random_n,1.223432224223106
UNSW,23,random,topn,1.0136812032922125
UNSW,23,random,random_n,0.39518679915791016
UNSW,24,random,topn,1.0686995580139875
UNSW,24,random,random_n,0.780321998130488
UNSW,25,random,topn,0.9888384343563269
UNSW,25,random,random_n,0.4032568576801079
UNSW,26,random,topn,0.7045373429672658
UNSW,26,random,random_n,1.1288325836589026
UNSW,27,random,topn,0.25981545139953927
UNSW,27,random,random_n,1.4525442592761637
UNSW,28,random,topn,0.9245863760596779
UNSW,28,random,random_n,0.995583622517546
UNSW,29,random,topn,1.1055158581764064
UNSW,29,random,random_n,1.0756158000050278
UNSW,30,random,topn,0.9916242228177939
UNSW,30,random,random_n,0.6928833593853012
UNSW,31,random,topn,0.8159710998717276
UNSW,31,random,random_n,0.651405431983436
UNSW,32,random,topn,1.0235248970394724
UNSW,32,random,random_n,1.225368989480341
UNSW,33,random,topn,1.1856577255451037
UNSW,33,random,random_n,1.0640720780031354
UNSW,34,random,topn,1.3137411004305848
UNSW,34,random,random_n,1.1836490670573914
UNSW,35,random,topn,1.2691909816038622
UNSW,35,random,random_n,1.195105996040415
UNSW,36,random,topn,1.2255529996735095
UNSW,36,random,random_n,1.0936956014400774
UNSW,37,random,topn,0.7102935903266409
UNSW,37,random,random_n,0.6934134113607969
UNSW,38,random,topn,1.0132831365251915
UNSW,38,random,random_n,1.1611204999003428
UNSW,39,random,topn,1.3000118691431801
UNSW,39,random,random_n,1.3431431085565257
UNSW,40,random,topn,0.6016334786676523
UNSW,40,random,random_n,0.7329357363325597
UNSW,41,random,topn,0.7895102027640287
UNSW,41,random,random_n,0.9826690326825972
UNSW,42,random,topn,0.9682062876351575
UNSW,42,random,random_n,0.8163981379912358
UNSW,43,random,topn,1.1974225224035437
UNSW,43,random,random_n,0.9324674546321859
UNSW,44,random,topn,0.4937201196840772
UNSW,44,random,random_n,1.006829210423458
UNSW,45,random,topn,1.2748531547739748
UNSW,45,random,random_n,0.5508217864738315
UNSW,46,random,topn,0.5066155696924327
UNSW,46,random,random_n,0.5449130874037373
UNSW,47,random,topn,1.1937664151084748
UNSW,47,random,random_n,1.1879060957240422
UNSW,48,random,topn,0.4227487719711526
UNSW,48,random,random_n,1.3959424115425316
UNSW,49,random,topn,1.2139442840493695
UNSW,49,random,random_n,0.7360486183876623
UNSW,0,label_affinity,topn,0.7411756017175405
UNSW,0,label_affinity,random_n,0.7749268742112584
UNSW,1,label_affinity,topn,0.24032353710849455
UNSW,1,label_affinity,random_n,1.2167227006994328
UNSW,2,label_affinity,topn,1.0681124742314128
UNSW,2,label_affinity,random_n,1.0868183291402802
UNSW,3,label_affinity,topn,0.6816494836817805
UNSW,3,label_affinity,random_n,0.6880818525371395
UNSW,4,label_affinity,topn,0.7328959922573276
UNSW,4,label_affinity,random_n,0.603321503173092
UNSW,5,label_affinity,topn,0.8640695236760765
UNSW,5,label_affinity,random_n,0.7540190263828775
UNSW,6,label_affinity,topn,0.9950668670926587
UNSW,6,label_affinity,random_n,1.5697296640351777
UNSW,7,label_affinity,topn,0.44719167240348523
UNSW,7,label_affinity,random_n,1.3918277370391954
UNSW,8,label_affinity,topn,1.032437905721497
UNSW,8,label_affinity,random_n,0.943957126552961
UNSW,9,label_affinity,topn,0.5286285865080508
UNSW,9,label_affinity,random_n,0.35611839918862515
UNSW,10,label_affinity,topn,1.275166530804161
UNSW,10,label_affinity,random_n,1.009602723085144
UNSW,11,label_affinity,topn,0.7972412423692194
UNSW,11,label_affinity,random_n,0.6770065007440232
UNSW,12,label_affinity,topn,0.9702854047478618
UNSW,12,label_affinity,random_n,0.9635806636165464
UNSW,13,label_affinity,topn,0.0
UNSW,13,label_affinity,random_n,0.7489360691174797
UNSW,14,label_affinity,topn,1.3973988562031092
UNSW,14,label_affinity,random_n,0.8855830492264932
UNSW,15,label_affinity,topn,1.343109171081119
UNSW,15,label_affinity,random_n,1.0757925374733912
UNSW,16,label_affinity,topn,0.0
UNSW,16,label_affinity,random_n,0.9344187595445282
UNSW,17,label_affinity,topn,0.5286285865080508
UNSW,17,label_affinity,random_n,1.238304766745294
UNSW,18,label_affinity,topn,1.2672911520883503
UNSW,18,label_affinity,random_n,0.7605640488526362
UNSW,19,label_affinity,topn,0.0
UNSW,19,label_affinity,random_n,1.01713307457359
UNSW,20,label_affinity,topn,1.0566177542519581
UNSW,20,label_affinity,random_n,1.210439786051956
UNSW,21,label_affinity,topn,1.200153970972893
UNSW,21,label_affinity,random_n,0.9549027854664444
UNSW,22,label_affinity,topn,0.8578675541269657
UNSW,22,label_affinity,random_n,1.3059872321579526
UNSW,23,label_affinity,topn,1.5097027688704872
UNSW,23,label_affinity,random_n,0.5463038976090543
UNSW,24,label_affinity,topn,1.0088075977890842
UNSW,24,label_affinity,random_n,1.019317566115724
UNSW,25,label_affinity,topn,0.8991567376496024
UNSW,25,label_affinity,random_n,0.8706459748116866
UNSW,26,label_affinity,topn,1.440501067652043
UNSW,26,label_affinity,random_n,0.8009900303979043
UNSW,27,label_affinity,topn,0.7858830524371084
UNSW,27,label_affinity,random_n,0.7082026714569599
UNSW,28,label_affinity,topn,1.2881155199368177
UNSW,28,label_affinity,random_n,0.7654585690426184
UNSW,29,label_affinity,topn,0.24032353710849455
UNSW,29,label_affinity,random_n,0.9142385189181487
UNSW,30,label_affinity,topn,0.7972412423692194
UNSW,30,label_affinity,random_n,1.1060520811317904
UNSW,31,label_affinity,topn,1.1016239817278135
UNSW,31,label_affinity,random_n,1.1394072813520142
UNSW,32,label_affinity,topn,1.3280048956344548
UNSW,32,label_affinity,random_n,0.5349889967729274
UNSW,33,label_affinity,topn,0.9102526851144922
UNSW,33,label_affinity,random_n,0.9146739526617941
UNSW,34,label_affinity,topn,0.964232467832281
UNSW,34,label_affinity,random_n,0.9915730042953221
UNSW,35,label_affinity,topn,0.9515380655207424
UNSW,35,label_affinity,random_n,0.7768405985822139
UNSW,36,label_affinity,topn,1.354325246377334
UNSW,36,label_affinity,random_n,1.171386225580733
UNSW,37,label_affinity,topn,0.8996275023321906
UNSW,37,label_affinity,random_n,1.0702736103232022
UNSW,38,label_affinity,topn,1.2337289188287153
UNSW,38,label_affinity,random_n,0.970829375551204
UNSW,39,label_affinity,topn,1.306811463373615
UNSW,39,label_affinity,random_n,0.7847335696852733
UNSW,40,label_affinity,topn,0.9493009005540888
UNSW,40,label_affinity,random_n,1.13263017552182
UNSW,41,label_affinity,topn,0.20742003187961158
UNSW,41,label_affinity,random_n,1.0022358316268758
UNSW,42,label_affinity,topn,0.20686813529499068
UNSW,42,label_affinity,random_n,1.1661248067167442
UNSW,43,label_affinity,topn,0.44774356898810613
UNSW,43,label_affinity,random_n,1.308067091046843
UNSW,44,label_affinity,topn,1.0143484461964907
UNSW,44,label_affinity,random_n,0.8798507019105192
UNSW,45,label_affinity,topn,0.25752653434489203
UNSW,45,label_affinity,random_n,1.0287704173542298
UNSW,46,label_affinity,topn,1.260280404860189
UNSW,46,label_affinity,random_n,0.8005277039918388
UNSW,47,label_affinity,topn,1.0465922311413463
UNSW,47,label_affinity,random_n,1.0302984820550214
UNSW,48,label_affinity,topn,0.5286285865080508
UNSW,48,label_affinity,random_n,0.6356729329858095
UNSW,49,label_affinity,topn,1.1641509285332408
UNSW,49,label_affinity,random_n,1.1664583379661069
UNSW,0,random,topn,0.8461603348221648
UNSW,0,random,random_n,0.4032568576801079
UNSW,1,random,topn,0.7490648329999218
UNSW,1,random,random_n,0.7180730913802282
UNSW,2,random,topn,1.0632275869363903
UNSW,2,random,random_n,0.8000776691381996
UNSW,3,random,topn,0.7385014774125306
UNSW,3,random,random_n,0.925624397421044
UNSW,4,random,topn,0.6583157254675075
UNSW,4,random,random_n,1.3206971886146175
UNSW,5,random,topn,0.9408278474851252
UNSW,5,random,random_n,0.6065211310990184
UNSW,6,random,topn,0.334560487400164
UNSW,6,random,random_n,1.141412779351095
UNSW,7,random,topn,0.7068842802644925
UNSW,7,random,random_n,0.977649413975056
UNSW,8,random,topn,0.9601802112351736
UNSW,8,random,random_n,1.152406922858863
UNSW,9,random,topn,1.3441078494328575
UNSW,9,random,random_n,0.6281565382044559
UNSW,10,random,topn,0.9585839642049558
UNSW,10,random,random_n,1.023284052117963
UNSW,11,random,topn,0.5001389885080338
UNSW,11,random,random_n,1.2497183551909334
UNSW,12,random,topn,0.7893612580394184
UNSW,12,random,random_n,0.8184247787991138
UNSW,13,random,topn,1.2994505757246744
UNSW,13,random,random_n,1.2013418263014597
UNSW,14,random,topn,1.056777463917008
UNSW,14,random,random_n,0.8049893895357041
UNSW,15,random,topn,1.262203301983979
UNSW,15,random,random_n,0.8848594825258065
UNSW,16,random,topn,0.5964419362971197
UNSW,16,random,random_n,0.638515086001723
UNSW,17,random,topn,1.0333519609468296
UNSW,17,random,random_n,1.278384677671756
UNSW,18,random,topn,0.9049771467822755
UNSW,18,random,random_n,1.0180113482442665
UNSW,19,random,topn,0.9095573831470606
UNSW,19,random,random_n,1.1185954642701184
UNSW,20,random,topn,1.4349438221535957
UNSW,20,random,random_n,0.7372197866815542
UNSW,21,random,topn,0.9102526851144922
UNSW,21,random,random_n,1.1344323658078597
UNSW,22,random,topn,1.4657477039085494
UNSW,22,random,random_n,1.250716152807726
UNSW,23,random,topn,1.0136812032922125
UNSW,23,random,random_n,1.0369487795208432
UNSW,24,random,topn,1.0686995580139875
UNSW,24,random,random_n,1.1920765943690605
UNSW,25,random,topn,0.9888384343563269
UNSW,25,random,random_n,0.6527133335028023
UNSW,26,random,topn,0.7045373429672658
UNSW,26,random,random_n,1.0813513529410619
UNSW,27,random,topn,0.25981545139953927
UNSW,27,random,random_n,1.223080072425694
UNSW,28,random,topn,0.9245863760596779
UNSW,28,random,random_n,1.0608665797118773
UNSW,29,random,topn,1.1055158581764064
UNSW,29,random,random_n,1.2872826165433517
UNSW,30,random,topn,0.9916242228177939
UNSW,30,random,random_n,1.3982556955267078
UNSW,31,random,topn,0.8159710998717276
UNSW,31,random,random_n,1.2308731186153865
UNSW,32,random,topn,1.0235248970394724
UNSW,32,random,random_n,0.546666498136641
UNSW,33,random,topn,1.1856577255451037
UNSW,33,random,random_n,1.015824011541797
UNSW,34,random,topn,1.3137411004305848
UNSW,34,random,random_n,1.2599663710024194
UNSW,35,random,topn,1.2691909816038622
UNSW,35,random,random_n,1.2302874835903717
UNSW,36,random,topn,1.2255529996735095
UNSW,36,random,random_n,1.039411936796989
UNSW,37,random,topn,0.7102935903266409
UNSW,37,random,random_n,0.5964419362971197
UNSW,38,random,topn,1.0132831365251915
UNSW,38,random,random_n,1.4671089492260687
UNSW,39,random,topn,1.3000118691431801
UNSW,39,random,random_n,0.9935257082547446
UNSW,40,random,topn,0.6016334786676523
UNSW,40,random,random_n,0.5868995599614792
UNSW,41,random,topn,0.7895102027640287
UNSW,41,random,random_n,0.46027973880261075
UNSW,42,random,topn,0.9682062876351575
UNSW,42,random,random_n,0.7689521236165454
UNSW,43,random,topn,1.1974225224035437
UNSW,43,random,random_n,0.42191113810500575
UNSW,44,random,topn,0.4937201196840772
UNSW,44,random,random_n,0.5772419691244396
UNSW,45,random,topn,1.2748531547739748
UNSW,45,random,random_n,0.6002669975267519
UNSW,46,random,topn,0.5066155696924327
UNSW,46,random,random_n,0.4525598222768066
UNSW,47,random,topn,1.1937664151084748
UNSW,47,random,random_n,0.6772484886812457
UNSW,48,random,topn,0.4227487719711526
UNSW,48,random,random_n,0.7561509495019184
UNSW,49,random,topn,1.2139442840493695
UNSW,49,random,random_n,0.5293484143658476
UNSW,0,label_affinity,topn,0.7411756017175405
UNSW,0,label_affinity,random_n,0.961032848333197
UNSW,1,label_affinity,topn,0.24032353710849455
UNSW,1,label_affinity,random_n,0.9990697506418963
UNSW,2,label_affinity,topn,1.0681124742314128
UNSW,2,label_affinity,random_n,1.2104164530938617
UNSW,3,label_affinity,topn,0.6816494836817805
UNSW,3,label_affinity,random_n,1.0760668507905262
UNSW,4,label_affinity,topn,0.7328959922573276
UNSW,4,label_affinity,random_n,0.38653035741642605
UNSW,5,label_affinity,topn,0.8640695236760765
UNSW,5,label_affinity,random_n,1.040105313475884
UNSW,6,label_affinity,topn,0.9950668670926587
UNSW,6,label_affinity,random_n,0.2929073150334717
UNSW,7,label_affinity,topn,0.44719167240348523
UNSW,7,label_affinity,random_n,1.221685752607104
UNSW,8,label_affinity,topn,1.032437905721497
UNSW,8,label_affinity,random_n,0.9905944249468069
UNSW,9,label_affinity,topn,0.5286285865080508
UNSW,9,label_affinity,random_n,0.5293484143658476
UNSW,10,label_affinity,topn,1.275166530804161
UNSW,10,label_affinity,random_n,0.7907573864868583
UNSW,11,label_affinity,topn,0.7972412423692194
UNSW,11,label_affinity,random_n,1.2456160148982172
UNSW,12,label_affinity,topn,0.9702854047478618
UNSW,12,label_affinity,random_n,0.7318454201096339
UNSW,13,label_affinity,topn,0.0
UNSW,13,label_affinity,random_n,1.127803209661261
UNSW,14,label_affinity,topn,1.3973988562031092
UNSW,14,label_affinity,random_n,0.6984312066823181
UNSW,15,label_affinity,topn,1.343109171081119
UNSW,15,label_affinity,random_n,1.144635538809962
UNSW,16,label_affinity,topn,0.0
UNSW,16,label_affinity,random_n,1.2044282316944634
UNSW,17,label_affinity,topn,0.5286285865080508
UNSW,17,label_affinity,random_n,1.3675948110706406
UNSW,18,label_affinity,topn,1.2672911520883503
UNSW,18,label_affinity,random_n,0.9180087791350439
UNSW,19,label_affinity,topn,0.0
UNSW,19,label_affinity,random_n,0.9489808144622756
UNSW,20,label_affinity,topn,1.0566177542519581
UNSW,20,label_affinity,random_n,0.6526891986004593
UNSW,21,label_affinity,topn,1.200153970972893
UNSW,21,label_affinity,random_n,1.0395317826102728
UNSW,22,label_affinity,topn,0.8578675541269657
UNSW,22,label_affinity,random_n,1.1856232131630253
UNSW,23,label_affinity,topn,1.5097027688704872
UNSW,23,label_affinity,random_n,0.8241314609250052
UNSW,24,label_affinity,topn,1.0088075977890842
UNSW,24,label_affinity,random_n,1.4182662406487327
UNSW,25,label_affinity,topn,0.8991567376496024
UNSW,25,label_affinity,random_n,0.8059790174978595
UNSW,26,label_affinity,topn,1.440501067652043
UNSW,26,label_affinity,random_n,1.1176981297552901
UNSW,27,label_affinity,topn,0.7858830524371084
UNSW,27,label_affinity,random_n,1.0951430382791052
UNSW,28,label_affinity,topn,1.2881155199368177
UNSW,28,label_affinity,random_n,1.1122158076702722
UNSW,29,label_affinity,topn,0.24032353710849455
UNSW,29,label_affinity,random_n,1.0698473427481414
UNSW,30,label_affinity,topn,0.7972412423692194
UNSW,30,label_affinity,random_n,0.7217403402036631
UNSW,31,label_affinity,topn,1.1016239817278135
UNSW,31,label_affinity,random_n,1.130262065175703
UNSW,32,label_affinity,topn,1.3280048956344548
UNSW,32,label_affinity,random_n,0.38194652896339365
UNSW,33,label_affinity,topn,0.9102526851144922
UNSW,33,label_affinity,random_n,0.6402166208677001
UNSW,34,label_affinity,topn,0.964232467832281
UNSW,34,label_affinity,random_n,0.4756721805381579
UNSW,35,label_affinity,topn,0.9515380655207424
UNSW,35,label_affinity,random_n,0.6767830846033259
UNSW,36,label_affinity,topn,1.354325246377334
UNSW,36,label_affinity,random_n,0.5648634649729859
UNSW,37,label_affinity,topn,0.8996275023321906
UNSW,37,label_affinity,random_n,1.1924974641955375
UNSW,38,label_affinity,topn,1.2337289188287153
UNSW,38,label_affinity,random_n,0.7225334929828593
UNSW,39,label_affinity,topn,1.306811463373615
UNSW,39,label_affinity,random_n,1.3909773863627126
UNSW,40,label_affinity,topn,0.9493009005540888
UNSW,40,label_affinity,random_n,1.217452424984298
UNSW,41,label_affinity,topn,0.20742003187961158
UNSW,41,label_affinity,random_n,0.8759837071341873
UNSW,42,label_affinity,topn,0.20686813529499068
UNSW,42,label_affinity,random_n,1.1124500925816938
UNSW,43,label_affinity,topn,0.44774356898810613
UNSW,43,label_affinity,random_n,0.8808281568695978
UNSW,44,label_affinity,topn,1.0143484461964907
UNSW,44,label_affinity,random_n,1.1207911846007461
UNSW,45,label_affinity,topn,0.25752653434489203
UNSW,45,label_affinity,random_n,0.7644168747287088
UNSW,46,label_affinity,topn,1.260280404860189
UNSW,46,label_affinity,random_n,0.8250133439813606
UNSW,47,label_affinity,topn,1.0465922311413463
UNSW,47,label_affinity,random_n,0.5926547494309138
UNSW,48,label_affinity,topn,0.5286285865080508
UNSW,48,label_affinity,random_n,1.4904838661765414
UNSW,49,label_affinity,topn,1.1641509285332408
UNSW,49,label_affinity,random_n,0.6460273697975673
UNSW,0,random,topn,0.8461603348221648
UNSW,0,random,random_n,1.2545892578359872
UNSW,1,random,topn,0.7490648329999218
UNSW,1,random,random_n,0.8308200771993222
UNSW,2,random,topn,1.0632275869363903
UNSW,2,random,random_n,0.5448700579334981
UNSW,3,random,topn,0.7385014774125306
UNSW,3,random,random_n,0.9504943379883284
UNSW,4,random,topn,0.6583157254675075
UNSW,4,random,random_n,1.0921670175762876
UNSW,5,random,topn,0.9408278474851252
UNSW,5,random,random_n,1.0043546859115478
UNSW,6,random,topn,0.334560487400164
UNSW,6,random,random_n,0.47016805140311274
UNSW,7,random,topn,0.7068842802644925
UNSW,7,random,random_n,1.2199051105251206
UNSW,8,random,topn,0.9601802112351736
UNSW,8,random,random_n,0.811169607294536
UNSW,9,random,topn,1.3441078494328575
UNSW,9,random,random_n,1.2549497471872815
UNSW,10,random,topn,0.9585839642049558
UNSW,10,random,random_n,1.0644168679889636
UNSW,11,random,topn,0.5001389885080338
UNSW,11,random,random_n,1.211058602602675
UNSW,12,random,topn,0.7893612580394184
UNSW,12,random,random_n,0.9837564596233177
UNSW,13,random,topn,1.2994505757246744
UNSW,13,random,random_n,1.5464990194245773
UNSW,14,random,topn,1.056777463917008
UNSW,14,random,random_n,1.3509857199920174
UNSW,15,random,topn,1.262203301983979
UNSW,15,random,random_n,1.2875863893789499
UNSW,16,random,topn,0.5964419362971197
UNSW,16,random,random_n,0.8227773872267322
UNSW,17,random,topn,1.0333519609468296
UNSW,17,random,random_n,1.1932367888155586
UNSW,18,random,topn,0.9049771467822755
UNSW,18,random,random_n,1.154400060629743
UNSW,19,random,topn,0.9095573831470606
UNSW,19,random,random_n,1.002771000748038
UNSW,20,random,topn,1.4349438221535957
UNSW,20,random,random_n,1.0433633572027714
UNSW,21,random,topn,0.9102526851144922
UNSW,21,random,random_n,0.9322611429695211
UNSW,22,random,topn,1.4657477039085494
UNSW,22,random,random_n,1.2141980022669145
UNSW,23,random,topn,1.0136812032922125
UNSW,23,random,random_n,1.0696043297725404
UNSW,24,random,topn,1.0686995580139875
UNSW,24,random,random_n,1.1500665662312606
UNSW,25,random,topn,0.9888384343563269
UNSW,25,random,random_n,0.8034442715909944
UNSW,26,random,topn,0.7045373429672658
UNSW,26,random,random_n,0.6721665139482363
UNSW,27,random,topn,0.25981545139953927
UNSW,27,random,random_n,1.282362653184051
UNSW,28,random,topn,0.9245863760596779
UNSW,28,random,random_n,1.4172835799300791
UNSW,29,random,topn,1.1055158581764064
UNSW,29,random,random_n,1.3987802312412416
UNSW,30,random,topn,0.9916242228177939
UNSW,30,random,random_n,1.205602550374331
UNSW,31,random,topn,0.8159710998717276
UNSW,31,random,random_n,1.2303534820072202
UNSW,32,random,topn,1.0235248970394724
UNSW,32,random,random_n,0.8290593367934157
UNSW,33,random,topn,1.1856577255451037
UNSW,33,random,random_n,0.9617076138305484
UNSW,34,random,topn,1.3137411004305848
UNSW,34,random,random_n,1.1542789904304653
UNSW,35,random,topn,1.2691909816038622
UNSW,35,random,random_n,1.1250705228051705
UNSW,36,random,topn,1.2255529996735095
UNSW,36,random,random_n,0.9611155738021951
UNSW,37,random,topn,0.7102935903266409
UNSW,37,random,random_n,0.8677913395421303
UNSW,38,random,topn,1.0132831365251915
UNSW,38,random,random_n,1.2265971619594438
UNSW,39,random,topn,1.3000118691431801
UNSW,39,random,random_n,0.650341486851008
UNSW,40,random,topn,0.6016334786676523
UNSW,40,random,random_n,1.3397474781393193
UNSW,41,random,topn,0.7895102027640287
UNSW,41,random,random_n,1.2296701661192975
UNSW,42,random,topn,0.9682062876351575
UNSW,42,random,random_n,0.9801069850008094
UNSW,43,random,topn,1.1974225224035437
UNSW,43,random,random_n,0.6493543721272096
UNSW,44,random,topn,0.4937201196840772
UNSW,44,random,random_n,1.181247971263635
UNSW,45,random,topn,1.2748531547739748
UNSW,45,random,random_n,0.8232599332484569
UNSW,46,random,topn,0.5066155696924327
UNSW,46,random,random_n,0.39817488294709863
UNSW,47,random,topn,1.1937664151084748
UNSW,47,random,random_n,1.1742304167139472
UNSW,48,random,topn,0.4227487719711526
UNSW,48,random,random_n,1.0881914723050323
UNSW,49,random,topn,1.2139442840493695
UNSW,49,random,random_n,0.7749268742112584
UNSW,0,label_affinity,topn,0.7411756017175405
UNSW,0,label_affinity,random_n,1.5486294685116977
UNSW,1,label_affinity,topn,0.24032353710849455
UNSW,1,label_affinity,random_n,0.6550022505574494
UNSW,2,label_affinity,topn,1.0681124742314128
UNSW,2,label_affinity,random_n,0.9325241251249862
UNSW,3,label_affinity,topn,0.6816494836817805
UNSW,3,label_affinity,random_n,0.9532914762536461
UNSW,4,label_affinity,topn,0.7328959922573276
UNSW,4,label_affinity,random_n,0.9679369889038938
UNSW,5,label_affinity,topn,0.8640695236760765
UNSW,5,label_affinity,random_n,0.6473094481252074
UNSW,6,label_affinity,topn,0.9950668670926587
UNSW,6,label_affinity,random_n,0.9086994103548163
UNSW,7,label_affinity,topn,0.44719167240348523
UNSW,7,label_affinity,random_n,0.8809698999819675
UNSW,8,label_affinity,topn,1.032437905721497
UNSW,8,label_affinity,random_n,0.9631532972496398
UNSW,9,label_affinity,topn,0.5286285865080508
UNSW,9,label_affinity,random_n,1.08761272113958
UNSW,10,label_affinity,topn,1.275166530804161
UNSW,10,label_affinity,random_n,0.7773941380430092
UNSW,11,label_affinity,topn,0.7972412423692194
UNSW,11,label_affinity,random_n,1.070910938602702
UNSW,12,label_affinity,topn,0.9702854047478618
UNSW,12,label_affinity,random_n,1.0153230304671235
UNSW,13,label_affinity,topn,0.0
UNSW,13,label_affinity,random_n,1.2823128844476248
UNSW,14,label_affinity,topn,1.3973988562031092
UNSW,14,label_affinity,random_n,1.057712864848274
UNSW,15,label_affinity,topn,1.343109171081119
UNSW,15,label_affinity,random_n,1.173747943980261
UNSW,16,label_affinity,topn,0.0
UNSW,16,label_affinity,random_n,1.227018604804181
UNSW,17,label_affinity,topn,0.5286285865080508
UNSW,17,label_affinity,random_n,1.50152508866961
UNSW,18,label_affinity,topn,1.2672911520883503
UNSW,18,label_affinity,random_n,0.6721665139482363
UNSW,19,label_affinity,topn,0.0
UNSW,19,label_affinity,random_n,1.2643510747336895
UNSW,20,label_affinity,topn,1.0566177542519581
UNSW,20,label_affinity,random_n,0.6631248799833972
UNSW,21,label_affinity,topn,1.200153970972893
UNSW,21,label_affinity,random_n,1.1446355388099623
UNSW,22,label_affinity,topn,0.8578675541269657
UNSW,22,label_affinity,random_n,0.20686813529499068
UNSW,23,label_affinity,topn,1.5097027688704872
UNSW,23,label_affinity,random_n,0.6925422541397707
UNSW,24,label_affinity,topn,1.0088075977890842
UNSW,24,label_affinity,random_n,1.3516934784115373
UNSW,25,label_affinity,topn,0.8991567376496024
UNSW,25,label_affinity,random_n,0.8802865840940447
UNSW,26,label_affinity,topn,1.440501067652043
UNSW,26,label_affinity,random_n,1.1248787715848678
UNSW,27,label_affinity,topn,0.7858830524371084
UNSW,27,label_affinity,random_n,1.015440808016331
UNSW,28,label_affinity,topn,1.2881155199368177
UNSW,28,label_affinity,random_n,0.9387998305783177
UNSW,29,label_affinity,topn,0.24032353710849455
UNSW,29,label_affinity,random_n,0.5595628857969813
UNSW,30,label_affinity,topn,0.7972412423692194
UNSW,30,label_affinity,random_n,0.864645155022866
UNSW,31,label_affinity,topn,1.1016239817278135
UNSW,31,label_affinity,random_n,0.9195591107672589
UNSW,32,label_affinity,topn,1.3280048956344548
UNSW,32,label_affinity,random_n,0.9937751635896737
UNSW,33,label_affinity,topn,0.9102526851144922
UNSW,33,label_affinity,random_n,0.9796221592720773
UNSW,34,label_affinity,topn,0.964232467832281
UNSW,34,label_affinity,random_n,1.226052305368264
UNSW,35,label_affinity,topn,0.9515380655207424
UNSW,35,label_affinity,random_n,1.0219302979902594
UNSW,36,label_affinity,topn,1.354325246377334
UNSW,36,label_affinity,random_n,1.1248787715848678
UNSW,37,label_affinity,topn,0.8996275023321906
UNSW,37,label_affinity,random_n,0.7459814011921124
UNSW,38,label_affinity,topn,1.2337289188287153
UNSW,38,label_affinity,random_n,0.49924721870468103
UNSW,39,label_affinity,topn,1.306811463373615
UNSW,39,label_affinity,random_n,1.0193696474583402
UNSW,40,label_affinity,topn,0.9493009005540888
UNSW,40,label_affinity,random_n,0.9658220935271163
UNSW,41,label_affinity,topn,0.20742003187961158
UNSW,41,label_affinity,random_n,0.8174287016373993
UNSW,42,label_affinity,topn,0.20686813529499068
UNSW,42,label_affinity,random_n,0.8629635352616685
UNSW,43,label_affinity,topn,0.44774356898810613
UNSW,43,label_affinity,random_n,0.7245202837477424
UNSW,44,label_affinity,topn,1.0143484461964907
UNSW,44,label_affinity,random_n,0.9601619891494654
UNSW,45,label_affinity,topn,0.25752653434489203
UNSW,45,label_affinity,random_n,0.856240092902218
UNSW,46,label_affinity,topn,1.260280404860189
UNSW,46,label_affinity,random_n,1.0364159022669694
UNSW,47,label_affinity,topn,1.0465922311413463
UNSW,47,label_affinity,random_n,0.7474910033855483
UNSW,48,label_affinity,topn,0.5286285865080508
UNSW,48,label_affinity,random_n,1.2963643261270779
UNSW,49,label_affinity,topn,1.1641509285332408
UNSW,49,label_affinity,random_n,1.0201575115416
UNSW,0,random,topn,0.8461603348221648
UNSW,0,random,random_n,1.2142492423030695
UNSW,1,random,topn,0.7490648329999218
UNSW,1,random,random_n,0.7530139209881197
UNSW,2,random,topn,1.0632275869363903
UNSW,2,random,random_n,0.5648634649729859
UNSW,3,random,topn,0.7385014774125306
UNSW,3,random,random_n,0.6333765015037298
UNSW,4,random,topn,0.6583157254675075
UNSW,4,random,random_n,1.244708936837222
UNSW,5,random,topn,0.9408278474851252
UNSW,5,random,random_n,0.7428368885620689
UNSW,6,random,topn,0.334560487400164
UNSW,6,random,random_n,1.1700214325446305
UNSW,7,random,topn,0.7068842802644925
UNSW,7,random,random_n,1.1983446669546296
UNSW,8,random,topn,0.9601802112351736
UNSW,8,random,random_n,1.0399060035730991
UNSW,9,random,topn,1.3441078494328575
UNSW,9,random,random_n,1.235175948319948
UNSW,10,random,topn,0.9585839642049558
UNSW,10,random,random_n,1.2060949869992994
UNSW,11,random,topn,0.5001389885080338
UNSW,11,random,random_n,0.6234016898224909
UNSW,12,random,topn,0.7893612580394184
UNSW,12,random,random_n,0.6482906521944028
UNSW,13,random,topn,1.2994505757246744
UNSW,13,random,random_n,1.0814018971976502
UNSW,14,random,topn,1.056777463917008
UNSW,14,random,random_n,1.4013326936934452
UNSW,15,random,topn,1.262203301983979
UNSW,15,random,random_n,0.6113859429442967
UNSW,16,random,topn,0.5964419362971197
UNSW,16,random,random_n,1.2090031892595685
UNSW,17,random,topn,1.0333519609468296
UNSW,17,random,random_n,1.5456210689592875
UNSW,18,random,topn,0.9049771467822755
UNSW,18,random,random_n,1.1268638982136865
UNSW,19,random,topn,0.9095573831470606
UNSW,19,random,random_n,0.8695928387081012
UNSW,20,random,topn,1.4349438221535957
UNSW,20,random,random_n,0.7187143037801844
UNSW,21,random,topn,0.9102526851144922
UNSW,21,random,random_n,0.8021558620050765
UNSW,22,random,topn,1.4657477039085494
UNSW,22,random,random_n,0.8265137067474623
UNSW,23,random,topn,1.0136812032922125
UNSW,23,random,random_n,1.2975050413775873
UNSW,24,random,topn,1.0686995580139875
UNSW,24,random,random_n,1.1463634036921022
UNSW,25,random,topn,0.9888384343563269
UNSW,25,random,random_n,1.1725809372009195
UNSW,26,random,topn,0.7045373429672658
UNSW,26,random,random_n,1.1086623254518717
UNSW,27,random,topn,0.25981545139953927
UNSW,27,random,random_n,1.3773079979124223
UNSW,28,random,topn,0.9245863760596779
UNSW,28,random,random_n,0.813178524850191
UNSW,29,random,topn,1.1055158581764064
UNSW,29,random,random_n,0.2929073150334717
UNSW,30,random,topn,0.9916242228177939
UNSW,30,random,random_n,0.6690747945774707
UNSW,31,random,topn,0.8159710998717276
UNSW,31,random,random_n,0.31192238858985505
UNSW,32,random,topn,1.0235248970394724
UNSW,32,random,random_n,1.0636575602338494
UNSW,33,random,topn,1.1856577255451037
UNSW,33,random,random_n,1.4103157838128062
UNSW,34,random,topn,1.3137411004305848
UNSW,34,random,random_n,1.2147370947090386
UNSW,35,random,topn,1.2691909816038622
UNSW,35,random,random_n,0.9618552796684905
UNSW,36,random,topn,1.2255529996735095
UNSW,36,random,random_n,0.41275887714271486
UNSW,37,random,topn,0.7102935903266409
UNSW,37,random,random_n,0.9249014825999868
UNSW,38,random,topn,1.0132831365251915
UNSW,38,random,random_n,0.653484323896519
UNSW,39,random,topn,1.3000118691431801
UNSW,39,random,random_n,1.3832166969825164
UNSW,40,random,topn,0.6016334786676523
UNSW,40,random,random_n,0.8896779092357042
UNSW,41,random,topn,0.7895102027640287
UNSW,41,random,random_n,1.2149946003883485
UNSW,42,random,topn,0.9682062876351575
UNSW,42,random,random_n,1.2729533713113506
UNSW,43,random,topn,1.1974225224035437
UNSW,43,random,random_n,1.1227212349282516
UNSW,44,random,topn,0.4937201196840772
UNSW,44,random,random_n,0.9930360892380014
UNSW,45,random,topn,1.2748531547739748
UNSW,45,random,random_n,1.0397521117773758
UNSW,46,random,topn,0.5066155696924327
UNSW,46,random,random_n,0.8049893895357041
UNSW,47,random,topn,1.1937664151084748
UNSW,47,random,random_n,1.1835493180951138
UNSW,48,random,topn,0.4227487719711526
UNSW,48,random,random_n,0.6333765015037298
UNSW,49,random,topn,1.2139442840493695
UNSW,49,random,random_n,1.0535803667017765
UNSW,0,label_affinity,topn,0.7411756017175405
UNSW,0,label_affinity,random_n,1.0827760013527292
UNSW,1,label_affinity,topn,0.24032353710849455
UNSW,1,label_affinity,random_n,0.5588911101232403
UNSW,2,label_affinity,topn,1.0681124742314128
UNSW,2,label_affinity,random_n,0.6519360688676614
UNSW,3,label_affinity,topn,0.6816494836817805
UNSW,3,label_affinity,random_n,0.7087067502766704
UNSW,4,label_affinity,topn,0.7328959922573276
UNSW,4,label_affinity,random_n,0.5926547494309138
UNSW,5,label_affinity,topn,0.8640695236760765
UNSW,5,label_affinity,random_n,0.8412342909858285
UNSW,6,label_affinity,topn,0.9950668670926587
UNSW,6,label_affinity,random_n,1.3431107916002134
UNSW,7,label_affinity,topn,0.44719167240348523
UNSW,7,label_affinity,random_n,1.1409817253832706
UNSW,8,label_affinity,topn,1.032437905721497
UNSW,8,label_affinity,random_n,1.3680019111803634
UNSW,9,label_affinity,topn,0.5286285865080508
UNSW,9,label_affinity,random_n,1.4106402984916466
UNSW,10,label_affinity,topn,1.275166530804161
UNSW,10,label_affinity,random_n,0.8143404408444326
UNSW,11,label_affinity,topn,0.7972412423692194
UNSW,11,label_affinity,random_n,0.6067386309027288
UNSW,12,label_affinity,topn,0.9702854047478618
UNSW,12,label_affinity,random_n,1.2563653478528307
UNSW,13,label_affinity,topn,0.0
UNSW,13,label_affinity,random_n,0.7183703839145393
UNSW,14,label_affinity,topn,1.3973988562031092
UNSW,14,label_affinity,random_n,0.0
UNSW,15,label_affinity,topn,1.343109171081119
UNSW,15,label_affinity,random_n,1.1637357930136423
UNSW,16,label_affinity,topn,0.0
UNSW,16,label_affinity,random_n,1.209132271435493
UNSW,17,label_affinity,topn,0.5286285865080508
UNSW,17,label_affinity,random_n,0.7537591452247794
UNSW,18,label_affinity,topn,1.2672911520883503
UNSW,18,label_affinity,random_n,0.3380019226385074
UNSW,19,label_affinity,topn,0.0
UNSW,19,label_affinity,random_n,0.6676997706822223
UNSW,20,label_affinity,topn,1.0566177542519581
UNSW,20,label_affinity,random_n,0.7900322610211302
UNSW,21,label_affinity,topn,1.200153970972893
UNSW,21,label_affinity,random_n,0.6822757410410799
UNSW,22,label_affinity,topn,0.8578675541269657
UNSW,22,label_affinity,random_n,0.9048040859212166
UNSW,23,label_affinity,topn,1.5097027688704872
UNSW,23,label_affinity,random_n,0.501473637739424
UNSW,24,label_affinity,topn,1.0088075977890842
UNSW,24,label_affinity,random_n,0.9248614476598584
UNSW,25,label_affinity,topn,0.8991567376496024
UNSW,25,label_affinity,random_n,1.0833060750323271
UNSW,26,label_affinity,topn,1.440501067652043
UNSW,26,label_affinity,random_n,1.0900366714047312
UNSW,27,label_affinity,topn,0.7858830524371084
UNSW,27,label_affinity,random_n,1.0544469343300975
UNSW,28,label_affinity,topn,1.2881155199368177
UNSW,28,label_affinity,random_n,1.0088317326914273
UNSW,29,label_affinity,topn,0.24032353710849455
UNSW,29,label_affinity,random_n,0.9684210664700957
UNSW,30,label_affinity,topn,0.7972412423692194
UNSW,30,label_affinity,random_n,0.5531440169730247
UNSW,31,label_affinity,topn,1.1016239817278135
UNSW,31,label_affinity,random_n,0.9931825199730603
UNSW,32,label_affinity,topn,1.3280048956344548
UNSW,32,label_affinity,random_n,1.1631177569912794
UNSW,33,label_affinity,topn,0.9102526851144922
UNSW,33,label_affinity,random_n,0.6516327664199063
UNSW,34,label_affinity,topn,0.964232467832281
UNSW,34,label_affinity,random_n,1.082922110157792
UNSW,35,label_affinity,topn,0.9515380655207424
UNSW,35,label_affinity,random_n,0.7203037434112756
UNSW,36,label_affinity,topn,1.354325246377334
UNSW,36,label_affinity,random_n,0.8819265052987518
UNSW,37,label_affinity,topn,0.8996275023321906
UNSW,37,label_affinity,random_n,0.8703579925206437
UNSW,38,label_affinity,topn,1.2337289188287153
UNSW,38,label_affinity,random_n,0.7884440379075901
UNSW,39,label_affinity,topn,1.306811463373615
UNSW,39,label_affinity,random_n,0.7833931847725847
UNSW,40,label_affinity,topn,0.9493009005540888
UNSW,40,label_affinity,random_n,0.8059790174978595
UNSW,41,label_affinity,topn,0.20742003187961158
UNSW,41,label_affinity,random_n,1.2813880911362256
UNSW,42,label_affinity,topn,0.20686813529499068
UNSW,42,label_affinity,random_n,0.8703741606961611
UNSW,43,label_affinity,topn,0.44774356898810613
UNSW,43,label_affinity,random_n,0.6050545801615765
UNSW,44,label_affinity,topn,1.0143484461964907
UNSW,44,label_affinity,random_n,1.4826810212980124
UNSW,45,label_affinity,topn,0.25752653434489203
UNSW,45,label_affinity,random_n,0.7459449896860372
UNSW,46,label_affinity,topn,1.260280404860189
UNSW,46,label_affinity,random_n,0.6472775515763245
UNSW,47,label_affinity,topn,1.0465922311413463
UNSW,47,label_affinity,random_n,0.6675852815860285
UNSW,48,label_affinity,topn,0.5286285865080508
UNSW,48,label_affinity,random_n,1.243702900595793
UNSW,49,label_affinity,topn,1.1641509285332408
UNSW,49,label_affinity,random_n,0.8319910694713974
UNSW,0,random,topn,0.8461603348221648
UNSW,0,random,random_n,0.12900382307153402
UNSW,1,random,topn,0.7490648329999218
UNSW,1,random,random_n,0.7255993193371952
UNSW,2,random,topn,1.0632275869363903
UNSW,2,random,random_n,1.2055407924444486
UNSW,3,random,topn,0.7385014774125306
UNSW,3,random,random_n,0.8730235950132882
UNSW,4,random,topn,0.6583157254675075
UNSW,4,random,random_n,1.3431431085565257
UNSW,5,random,topn,0.9408278474851252
UNSW,5,random,random_n,0.47218771582957525
UNSW,6,random,topn,0.334560487400164
UNSW,6,random,random_n,1.2279488590230245
UNSW,7,random,topn,0.7068842802644925
UNSW,7,random,random_n,0.9276738596971782
UNSW,8,random,topn,0.9601802112351736
UNSW,8,random,random_n,0.8829269285458275
UNSW,9,random,topn,1.3441078494328575
UNSW,9,random,random_n,0.8611785486949204
UNSW,10,random,topn,0.9585839642049558
UNSW,10,random,random_n,0.8596955193342878
UNSW,11,random,topn,0.5001389885080338
UNSW,11,random,random_n,1.2419341827561932
UNSW,12,random,topn,0.7893612580394184
UNSW,12,random,random_n,0.9383688325859686
UNSW,13,random,topn,1.2994505757246744
UNSW,13,random,random_n,0.683661233927691
UNSW,14,random,topn,1.056777463917008
UNSW,14,random,random_n,0.9143043121441039
UNSW,15,random,topn,1.262203301983979
UNSW,15,random,random_n,0.41513522068801456
UNSW,16,random,topn,0.5964419362971197
UNSW,16,random,random_n,0.7645667992392656
UNSW,17,random,topn,1.0333519609468296
UNSW,17,random,random_n,1.234604042556472
UNSW,18,random,topn,0.9049771467822755
UNSW,18,random,random_n,0.8256615005748262
UNSW,19,random,topn,0.9095573831470606
UNSW,19,random,random_n,0.6921271840562521
UNSW,20,random,topn,1.4349438221535957
UNSW,20,random,random_n,1.0395212323221246
UNSW,21,random,topn,0.9102526851144922
UNSW,21,random,random_n,1.0956857810501839
UNSW,22,random,topn,1.4657477039085494
UNSW,22,random,random_n,0.708235122951745
UNSW,23,random,topn,1.0136812032922125
UNSW,23,random,random_n,1.3520011700282295
UNSW,24,random,topn,1.0686995580139875
UNSW,24,random,random_n,1.1709307193882814
UNSW,25,random,topn,0.9888384343563269
UNSW,25,random,random_n,1.3148944665213183
UNSW,26,random,topn,0.7045373429672658
UNSW,26,random,random_n,1.0536636119672245
UNSW,27,random,topn,0.25981545139953927
UNSW,27,random,random_n,1.1031405559737812
UNSW,28,random,topn,0.9245863760596779
UNSW,28,random,random_n,0.6903215341483336
UNSW,29,random,topn,1.1055158581764064
UNSW,29,random,random_n,1.0914602285070174
UNSW,30,random,topn,0.9916242228177939
UNSW,30,random,random_n,0.8698176008361056
UNSW,31,random,topn,0.8159710998717276
UNSW,31,random,random_n,0.9253062039174745
UNSW,32,random,topn,1.0235248970394724
UNSW,32,random,random_n,0.6676997706822223
UNSW,33,random,topn,1.1856577255451037
UNSW,33,random,random_n,1.2118363229493558
UNSW,34,random,topn,1.3137411004305848
UNSW,34,random,random_n,0.7732660810548985
UNSW,35,random,topn,1.2691909816038622
UNSW,35,random,random_n,0.5028735584470292
UNSW,36,random,topn,1.2255529996735095
UNSW,36,random,random_n,1.4684270965278312
UNSW,37,random,topn,0.7102935903266409
UNSW,37,random,random_n,0.8313709119080923
UNSW,38,random,topn,1.0132831365251915
UNSW,38,random,random_n,0.9348566081590297
UNSW,39,random,topn,1.3000118691431801
UNSW,39,random,random_n,1.2428525499193102
UNSW,40,random,topn,0.6016334786676523
UNSW,40,random,random_n,1.236196182660466
UNSW,41,random,topn,0.7895102027640287
UNSW,41,random,random_n,0.5497916845052594
UNSW,42,random,topn,0.9682062876351575
UNSW,42,random,random_n,0.6993223162444543
UNSW,43,random,topn,1.1974225224035437
UNSW,43,random,random_n,1.2286342186404278
UNSW,44,random,topn,0.4937201196840772
UNSW,44,random,random_n,0.9502569204416805
UNSW,45,random,topn,1.2748531547739748
UNSW,45,random,random_n,0.46787913434846545
UNSW,46,random,topn,0.5066155696924327
UNSW,46,random,random_n,1.318424997651989
UNSW,47,random,topn,1.1937664151084748
UNSW,47,random,random_n,1.3433456101529284
UNSW,48,random,topn,0.4227487719711526
UNSW,48,random,random_n,1.049769843402135
UNSW,49,random,topn,1.2139442840493695
UNSW,49,random,random_n,1.0346598624661958
UNSW,0,label_affinity,topn,0.7411756017175405
UNSW,0,label_affinity,random_n,0.2533965825755826
UNSW,1,label_affinity,topn,0.24032353710849455
UNSW,1,label_affinity,random_n,1.0173280323563436
UNSW,2,label_affinity,topn,1.0681124742314128
UNSW,2,label_affinity,random_n,0.9440817052779459
UNSW,3,label_affinity,topn,0.6816494836817805
UNSW,3,label_affinity,random_n,1.1659459309787972
UNSW,4,label_affinity,topn,0.7328959922573276
UNSW,4,label_affinity,random_n,0.7255993193371952
UNSW,5,label_affinity,topn,0.8640695236760765
UNSW,5,label_affinity,random_n,0.9119115922756368
UNSW,6,label_affinity,topn,0.9950668670926587
UNSW,6,label_affinity,random_n,1.0091428185429117
UNSW,7,label_affinity,topn,0.44719167240348523
UNSW,7,label_affinity,random_n,1.2210612580988698
UNSW,8,label_affinity,topn,1.032437905721497
UNSW,8,label_affinity,random_n,0.6745664058623445
UNSW,9,label_affinity,topn,0.5286285865080508
UNSW,9,label_affinity,random_n,1.3545045743475594
UNSW,10,label_affinity,topn,1.275166530804161
UNSW,10,label_affinity,random_n,0.8359499546027808
UNSW,11,label_affinity,topn,0.7972412423692194
UNSW,11,label_affinity,random_n,1.2258138095952147
UNSW,12,label_affinity,topn,0.9702854047478618
UNSW,12,label_affinity,random_n,0.9348451252699613
UNSW,13,label_affinity,topn,0.0
UNSW,13,label_affinity,random_n,0.7331887217964176
UNSW,14,label_affinity,topn,1.3973988562031092
UNSW,14,label_affinity,random_n,0.8587533642087587
UNSW,15,label_affinity,topn,1.343109171081119
UNSW,15,label_affinity,random_n,1.2995563629507283
UNSW,16,label_affinity,topn,0.0
UNSW,16,label_affinity,random_n,1.0022439227381887
UNSW,17,label_affinity,topn,0.5286285865080508
UNSW,17,label_affinity,random_n,0.4032122227290127
UNSW,18,label_affinity,topn,1.2672911520883503
UNSW,18,label_affinity,random_n,1.1396811748491327
UNSW,19,label_affinity,topn,0.0
UNSW,19,label_affinity,random_n,0.7912693173985814
UNSW,20,label_affinity,topn,1.0566177542519581
UNSW,20,label_affinity,random_n,0.9338954630327901
UNSW,21,label_affinity,topn,1.200153970972893
UNSW,21,label_affinity,random_n,1.05653502878296
UNSW,22,label_affinity,topn,0.8578675541269657
UNSW,22,label_affinity,random_n,0.8631932728307778
UNSW,23,label_affinity,topn,1.5097027688704872
UNSW,23,label_affinity,random_n,1.0420641946243359
UNSW,24,label_affinity,topn,1.0088075977890842
UNSW,24,label_affinity,random_n,1.1413886444487522
UNSW,25,label_affinity,topn,0.8991567376496024
UNSW,25,label_affinity,random_n,0.9238153856659611
UNSW,26,label_affinity,topn,1.440501067652043
UNSW,26,label_affinity,random_n,0.7603420601420606
UNSW,27,label_affinity,topn,0.7858830524371084
UNSW,27,label_affinity,random_n,1.3308643097536843
UNSW,28,label_affinity,topn,1.2881155199368177
UNSW,28,label_affinity,random_n,0.8479960955164488
UNSW,29,label_affinity,topn,0.24032353710849455
UNSW,29,label_affinity,random_n,0.6533726269274119
UNSW,30,label_affinity,topn,0.7972412423692194
UNSW,30,label_affinity,random_n,1.0173280323563436
UNSW,31,label_affinity,topn,1.1016239817278135
UNSW,31,label_affinity,random_n,0.8962851364647103
UNSW,32,label_affinity,topn,1.3280048956344548
UNSW,32,label_affinity,random_n,0.8078887939662575
UNSW,33,label_affinity,topn,0.9102526851144922
UNSW,33,label_affinity,random_n,0.916298805900671
UNSW,34,label_affinity,topn,0.964232467832281
UNSW,34,label_affinity,random_n,0.6812683382640072
UNSW,35,label_affinity,topn,0.9515380655207424
UNSW,35,label_affinity,random_n,1.2725089979514974
UNSW,36,label_affinity,topn,1.354325246377334
UNSW,36,label_affinity,random_n,1.3429793772965908
UNSW,37,label_affinity,topn,0.8996275023321906
UNSW,37,label_affinity,random_n,0.873030663486667
UNSW,38,label_affinity,topn,1.2337289188287153
UNSW,38,label_affinity,random_n,1.145245752984138
UNSW,39,label_affinity,topn,1.306811463373615
UNSW,39,label_affinity,random_n,0.5190517197602385
UNSW,40,label_affinity,topn,0.9493009005540888
UNSW,40,label_affinity,random_n,0.7485148972478323
UNSW,41,label_affinity,topn,0.20742003187961158
UNSW,41,label_affinity,random_n,0.8836817645016453
UNSW,42,label_affinity,topn,0.20686813529499068
UNSW,42,label_affinity,random_n,1.1347443299107847
UNSW,43,label_affinity,topn,0.44774356898810613
UNSW,43,label_affinity,random_n,1.0820346688289846
UNSW,44,label_affinity,topn,1.0143484461964907
UNSW,44,label_affinity,random_n,0.9639892561872335
UNSW,45,label_affinity,topn,0.25752653434489203
UNSW,45,label_affinity,random_n,0.7254985564186217
UNSW,46,label_affinity,topn,1.260280404860189
UNSW,46,label_affinity,random_n,0.7500224090046929
UNSW,47,label_affinity,topn,1.0465922311413463
UNSW,47,label_affinity,random_n,1.0764874793660602
UNSW,48,label_affinity,topn,0.5286285865080508
UNSW,48,label_affinity,random_n,0.9671358346623727
UNSW,49,label_affinity,topn,1.1641509285332408
UNSW,49,label_affinity,random_n,0.2788194632249641
UNSW,0,random,topn,0.8461603348221648
UNSW,0,random,random_n,1.3058933289329773
UNSW,1,random,topn,0.7490648329999218
UNSW,1,random,random_n,1.5460673780247192
UNSW,2,random,topn,1.0632275869363903
UNSW,2,random,random_n,0.943056502800084
UNSW,3,random,topn,0.7385014774125306
UNSW,3,random,random_n,1.146666645314771
UNSW,4,random,topn,0.6583157254675075
UNSW,4,random,random_n,0.7712536198766397
UNSW,5,random,topn,0.9408278474851252
UNSW,5,random,random_n,1.1452170787097067
UNSW,6,random,topn,0.334560487400164
UNSW,6,random,random_n,0.6697525416443503
UNSW,7,random,topn,0.7068842802644925
UNSW,7,random,random_n,0.5893665608430053
UNSW,8,random,topn,0.9601802112351736
UNSW,8,random,random_n,1.206540290984272
UNSW,9,random,topn,1.3441078494328575
UNSW,9,random,random_n,1.2489473755440443
UNSW,10,random,topn,0.9585839642049558
UNSW,10,random,random_n,1.3718084670951842
UNSW,11,random,topn,0.5001389885080338
UNSW,11,random,random_n,1.0163091665633142
UNSW,12,random,topn,0.7893612580394184
UNSW,12,random,random_n,0.4386157552827787
UNSW,13,random,topn,1.2994505757246744
UNSW,13,random,random_n,0.8957882081897447
UNSW,14,random,topn,1.056777463917008
UNSW,14,random,random_n,1.3289559288483324
UNSW,15,random,topn,1.262203301983979
UNSW,15,random,random_n,0.0
UNSW,16,random,topn,0.5964419362971197
UNSW,16,random,random_n,1.2668876287865334
UNSW,17,random,topn,1.0333519609468296
UNSW,17,random,random_n,1.1407685562971992
UNSW,18,random,topn,0.9049771467822755
UNSW,18,random,random_n,1.2501675423918701
UNSW,19,random,topn,0.9095573831470606
UNSW,19,random,random_n,1.0742952719357162
UNSW,20,random,topn,1.4349438221535957
UNSW,20,random,random_n,0.8000776691381996
UNSW,21,random,topn,0.9102526851144922
UNSW,21,random,random_n,1.1395223225193396
UNSW,22,random,topn,1.4657477039085494
UNSW,22,random,random_n,0.9214373703540627
UNSW,23,random,topn,1.0136812032922125
UNSW,23,random,random_n,1.0866790931302777
UNSW,24,random,topn,1.0686995580139875
UNSW,24,random,random_n,0.8321117507306613
UNSW,25,random,topn,0.9888384343563269
UNSW,25,random,random_n,1.1207911846007461
UNSW,26,random,topn,0.7045373429672658
UNSW,26,random,random_n,0.766311142002852
UNSW,27,random,topn,0.25981545139953927
UNSW,27,random,random_n,1.1678269883976966
UNSW,28,random,topn,0.9245863760596779
UNSW,28,random,random_n,1.1254911759449826
UNSW,29,random,topn,1.1055158581764064
UNSW,29,random,random_n,0.807704669749409
UNSW,30,random,topn,0.9916242228177939
UNSW,30,random,random_n,1.1945493087644312
UNSW,31,random,topn,0.8159710998717276
UNSW,31,random,random_n,0.8769058314629676
UNSW,32,random,topn,1.0235248970394724
UNSW,32,random,random_n,0.9105751154714445
UNSW,33,random,topn,1.1856577255451037
UNSW,33,random,random_n,1.1058705556324904
UNSW,34,random,topn,1.3137411004305848
UNSW,34,random,random_n,1.1957764606056522
UNSW,35,random,topn,1.2691909816038622
UNSW,35,random,random_n,1.1578978881076576
UNSW,36,random,topn,1.2255529996735095
UNSW,36,random,random_n,0.6477943469563797
UNSW,37,random,topn,0.7102935903266409
UNSW,37,random,random_n,0.9502169832042421
UNSW,38,random,topn,1.0132831365251915
UNSW,38,random,random_n,1.061944797594548
UNSW,39,random,topn,1.3000118691431801
UNSW,39,random,random_n,0.9513802008173483
UNSW,40,random,topn,0.6016334786676523
UNSW,40,random,random_n,1.1799203688431834
UNSW,41,random,topn,0.7895102027640287
UNSW,41,random,random_n,1.1020710794224025
UNSW,42,random,topn,0.9682062876351575
UNSW,42,random,random_n,0.5113105048293288
UNSW,43,random,topn,1.1974225224035437
UNSW,43,random,random_n,0.7316106541090558
UNSW,44,random,topn,0.4937201196840772
UNSW,44,random,random_n,1.1046719185741136
UNSW,45,random,topn,1.2748531547739748
UNSW,45,random,random_n,0.860628088437733
UNSW,46,random,topn,0.5066155696924327
UNSW,46,random,random_n,1.1838437954316336
UNSW,47,random,topn,1.1937664151084748
UNSW,47,random,random_n,1.0847179419132276
UNSW,48,random,topn,0.4227487719711526
UNSW,48,random,random_n,0.7001287742045297
UNSW,49,random,topn,1.2139442840493695
UNSW,49,random,random_n,0.9093933976679119
UNSW,0,label_affinity,topn,0.7411756017175405
UNSW,0,label_affinity,random_n,0.9906745981340613
UNSW,1,label_affinity,topn,0.24032353710849455
UNSW,1,label_affinity,random_n,1.3098227235791877
UNSW,2,label_affinity,topn,1.0681124742314128
UNSW,2,label_affinity,random_n,0.7939481670426353
UNSW,3,label_affinity,topn,0.6816494836817805
UNSW,3,label_affinity,random_n,0.9384325485957793
UNSW,4,label_affinity,topn,0.7328959922573276
UNSW,4,label_affinity,random_n,0.7970446108500141
UNSW,5,label_affinity,topn,0.8640695236760765
UNSW,5,label_affinity,random_n,0.879728268615814
UNSW,6,label_affinity,topn,0.9950668670926587
UNSW,6,label_affinity,random_n,1.237061068605921
UNSW,7,label_affinity,topn,0.44719167240348523
UNSW,7,label_affinity,random_n,1.0266354322814013
UNSW,8,label_affinity,topn,1.032437905721497
UNSW,8,label_affinity,random_n,0.9999114860563668
UNSW,9,label_affinity,topn,0.5286285865080508
UNSW,9,label_affinity,random_n,1.197499525484165
UNSW,10,label_affinity,topn,1.275166530804161
UNSW,10,label_affinity,random_n,1.0352441562004835
UNSW,11,label_affinity,topn,0.7972412423692194
UNSW,11,label_affinity,random_n,1.2370912798184472
UNSW,12,label_affinity,topn,0.9702854047478618
UNSW,12,label_affinity,random_n,1.1975732598721656
UNSW,13,label_affinity,topn,0.0
UNSW,13,label_affinity,random_n,1.0261257879778976
UNSW,14,label_affinity,topn,1.3973988562031092
UNSW,14,label_affinity,random_n,1.0100410247240827
UNSW,15,label_affinity,topn,1.343109171081119
UNSW,15,label_affinity,random_n,1.3178747514617712
UNSW,16,label_affinity,topn,0.0
UNSW,16,label_affinity,random_n,1.0811990181940312
UNSW,17,label_affinity,topn,0.5286285865080508
UNSW,17,label_affinity,random_n,0.48863814495106794
UNSW,18,label_affinity,topn,1.2672911520883503
UNSW,18,label_affinity,random_n,1.484214687862418
UNSW,19,label_affinity,topn,0.0
UNSW,19,label_affinity,random_n,0.9826690326825972
UNSW,20,label_affinity,topn,1.0566177542519581
UNSW,20,label_affinity,random_n,1.1630087307299126
UNSW,21,label_affinity,topn,1.200153970972893
UNSW,21,label_affinity,random_n,0.955916552641022
UNSW,22,label_affinity,topn,0.8578675541269657
UNSW,22,label_affinity,random_n,0.5650670149320266
UNSW,23,label_affinity,topn,1.5097027688704872
UNSW,23,label_affinity,random_n,0.9777680859180532
UNSW,24,label_affinity,topn,1.0088075977890842
UNSW,24,label_affinity,random_n,1.4013326936934452
UNSW,25,label_affinity,topn,0.8991567376496024
UNSW,25,label_affinity,random_n,0.8120613770978888
UNSW,26,label_affinity,topn,1.440501067652043
UNSW,26,label_affinity,random_n,0.5449130874037373
UNSW,27,label_affinity,topn,0.7858830524371084
UNSW,27,label_affinity,random_n,1.235737774255816
UNSW,28,label_affinity,topn,1.2881155199368177
UNSW,28,label_affinity,random_n,0.8132748074226214
UNSW,29,label_affinity,topn,0.24032353710849455
UNSW,29,label_affinity,random_n,1.026921473486729
UNSW,30,label_affinity,topn,0.7972412423692194
UNSW,30,label_affinity,random_n,1.0236856002830754
UNSW,31,label_affinity,topn,1.1016239817278135
UNSW,31,label_affinity,random_n,0.9999345268716929
UNSW,32,label_affinity,topn,1.3280048956344548
UNSW,32,label_affinity,random_n,1.5424408097491575
UNSW,33,label_affinity,topn,0.9102526851144922
UNSW,33,label_affinity,random_n,0.7165070163635576
UNSW,34,label_affinity,topn,0.964232467832281
UNSW,34,label_affinity,random_n,1.0026964204543558
UNSW,35,label_affinity,topn,0.9515380655207424
UNSW,35,label_affinity,random_n,1.2786509955127439
UNSW,36,label_affinity,topn,1.354325246377334
UNSW,36,label_affinity,random_n,1.2012057573884498
UNSW,37,label_affinity,topn,0.8996275023321906
UNSW,37,label_affinity,random_n,0.463564310471698
UNSW,38,label_affinity,topn,1.2337289188287153
UNSW,38,label_affinity,random_n,1.1336179601662666
UNSW,39,label_affinity,topn,1.306811463373615
UNSW,39,label_affinity,random_n,0.768878732884558
UNSW,40,label_affinity,topn,0.9493009005540888
UNSW,40,label_affinity,random_n,1.253940163366669
UNSW,41,label_affinity,topn,0.20742003187961158
UNSW,41,label_affinity,random_n,0.9128978656507488
UNSW,42,label_affinity,topn,0.20686813529499068
UNSW,42,label_affinity,random_n,1.002472235036067
UNSW,43,label_affinity,topn,0.44774356898810613
UNSW,43,label_affinity,random_n,0.9992414580260371
UNSW,44,label_affinity,topn,1.0143484461964907
UNSW,44,label_affinity,random_n,0.4878175627919375
UNSW,45,label_affinity,topn,0.25752653434489203
UNSW,45,label_affinity,random_n,0.991250122517743
UNSW,46,label_affinity,topn,1.260280404860189
UNSW,46,label_affinity,random_n,0.7343942775084074
UNSW,47,label_affinity,topn,1.0465922311413463
UNSW,47,label_affinity,random_n,1.1249240786408923
UNSW,48,label_affinity,topn,0.5286285865080508
UNSW,48,label_affinity,random_n,1.2231808199492222
UNSW,49,label_affinity,topn,1.1641509285332408
UNSW,49,label_affinity,random_n,0.9907293420026063
UNSW,0,random,topn,0.8461603348221648
UNSW,0,random,random_n,0.8286909022461807
UNSW,1,random,topn,0.7490648329999218
UNSW,1,random,random_n,0.9192034615942252
UNSW,2,random,topn,1.0632275869363903
UNSW,2,random,random_n,0.6763689286878982
UNSW,3,random,topn,0.7385014774125306
UNSW,3,random,random_n,1.3466150810057933
UNSW,4,random,topn,0.6583157254675075
UNSW,4,random,random_n,0.8437013585397332
UNSW,5,random,topn,0.9408278474851252
UNSW,5,random,random_n,1.2715122413514734
UNSW,6,random,topn,0.334560487400164
UNSW,6,random,random_n,0.884746985696676
UNSW,7,random,topn,0.7068842802644925
UNSW,7,random,random_n,1.1995029720412826
UNSW,8,random,topn,0.9601802112351736
UNSW,8,random,random_n,1.1917804360935886
UNSW,9,random,topn,1.3441078494328575
UNSW,9,random,random_n,0.848101957039523
UNSW,10,random,topn,0.9585839642049558
UNSW,10,random,random_n,0.7178062731475028
UNSW,11,random,topn,0.5001389885080338
UNSW,11,random,random_n,1.0321176023028278
UNSW,12,random,topn,0.7893612580394184
UNSW,12,random,random_n,1.623786538079311
UNSW,13,random,topn,1.2994505757246744
UNSW,13,random,random_n,0.8578675541269657
UNSW,14,random,topn,1.056777463917008
UNSW,14,random,random_n,1.1076715956654934
UNSW,15,random,topn,1.262203301983979
UNSW,15,random,random_n,0.41513522068801456
UNSW,16,random,topn,0.5964419362971197
UNSW,16,random,random_n,1.0315021449550799
UNSW,17,random,topn,1.0333519609468296
UNSW,17,random,random_n,0.7806635168936044
UNSW,18,random,topn,0.9049771467822755
UNSW,18,random,random_n,1.083403739013799
UNSW,19,random,topn,0.9095573831470606
UNSW,19,random,random_n,1.1414622945400168
UNSW,20,random,topn,1.4349438221535957
UNSW,20,random,random_n,0.7043619432667679
UNSW,21,random,topn,0.9102526851144922
UNSW,21,random,random_n,1.042479399113571
UNSW,22,random,topn,1.4657477039085494
UNSW,22,random,random_n,1.070910938602702
UNSW,23,random,topn,1.0136812032922125
UNSW,23,random,random_n,0.29974743439744206
UNSW,24,random,topn,1.0686995580139875
UNSW,24,random,random_n,0.8443774611038326
UNSW,25,random,topn,0.9888384343563269
UNSW,25,random,random_n,0.9921928969797489
UNSW,26,random,topn,0.7045373429672658
UNSW,26,random,random_n,0.7724483023358211
UNSW,27,random,topn,0.25981545139953927
UNSW,27,random,random_n,0.7892887034617159
UNSW,28,random,topn,0.9245863760596779
UNSW,28,random,random_n,0.6133799506251281
UNSW,29,random,topn,1.1055158581764064
UNSW,29,random,random_n,1.11380570495187
UNSW,30,random,topn,0.9916242228177939
UNSW,30,random,random_n,0.779993346109614
UNSW,31,random,topn,0.8159710998717276
UNSW,31,random,random_n,0.8546461643046355
UNSW,32,random,topn,1.0235248970394724
UNSW,32,random,random_n,0.9947817980381846
UNSW,33,random,topn,1.1856577255451037
UNSW,33,random,random_n,0.9861078964734414
UNSW,34,random,topn,1.3137411004305848
UNSW,34,random,random_n,0.8611785486949204
UNSW,35,random,topn,1.2691909816038622
UNSW,35,random,random_n,1.2154628912249177
UNSW,36,random,topn,1.2255529996735095
UNSW,36,random,random_n,0.4386157552827787
UNSW,37,random,topn,0.7102935903266409
UNSW,37,random,random_n,0.6994553682342565
UNSW,38,random,topn,1.0132831365251915
UNSW,38,random,random_n,0.6675852815860285
UNSW,39,random,topn,1.3000118691431801
UNSW,39,random,random_n,0.7697478861993757
UNSW,40,random,topn,0.6016334786676523
UNSW,40,random,random_n,1.0067270013484004
UNSW,41,random,topn,0.7895102027640287
UNSW,41,random,random_n,0.9109558759146786
UNSW,42,random,topn,0.9682062876351575
UNSW,42,random,random_n,0.9802213288494324
UNSW,43,random,topn,1.1974225224035437
UNSW,43,random,random_n,0.8318190211915711
UNSW,44,random,topn,0.4937201196840772
UNSW,44,random,random_n,1.2346040425564717
UNSW,45,random,topn,1.2748531547739748
UNSW,45,random,random_n,1.224710604797557
UNSW,46,random,topn,0.5066155696924327
UNSW,46,random,random_n,0.967471391312444
UNSW,47,random,topn,1.1937664151084748
UNSW,47,random,random_n,1.1544000606297433
UNSW,48,random,topn,0.4227487719711526
UNSW,48,random,random_n,0.8148347653464398
UNSW,49,random,topn,1.2139442840493695
UNSW,49,random,random_n,0.4976544298818422
UNSW,0,label_affinity,topn,0.7411756017175405
UNSW,0,label_affinity,random_n,1.1992982797757585
UNSW,1,label_affinity,topn,0.24032353710849455
UNSW,1,label_affinity,random_n,0.9846658512246954
UNSW,2,label_affinity,topn,1.0681124742314128
UNSW,2,label_affinity,random_n,1.2451356028716085
UNSW,3,label_affinity,topn,0.6816494836817805
UNSW,3,label_affinity,random_n,1.1497651879571604
UNSW,4,label_affinity,topn,0.7328959922573276
UNSW,4,label_affinity,random_n,0.8811839560665659
UNSW,5,label_affinity,topn,0.8640695236760765
UNSW,5,label_affinity,random_n,1.0409453715466424
UNSW,6,label_affinity,topn,0.9950668670926587
UNSW,6,label_affinity,random_n,0.9344438589356271
UNSW,7,label_affinity,topn,0.44719167240348523
UNSW,7,label_affinity,random_n,1.291001469853912
UNSW,8,label_affinity,topn,1.032437905721497
UNSW,8,label_affinity,random_n,0.8283760209054929
UNSW,9,label_affinity,topn,0.5286285865080508
UNSW,9,label_affinity,random_n,0.7689521236165454
UNSW,10,label_affinity,topn,1.275166530804161
UNSW,10,label_affinity,random_n,1.5586884415421087
UNSW,11,label_affinity,topn,0.7972412423692194
UNSW,11,label_affinity,random_n,0.8890366645660787
UNSW,12,label_affinity,topn,0.9702854047478618
UNSW,12,label_affinity,random_n,1.015440808016331
UNSW,13,label_affinity,topn,0.0
UNSW,13,label_affinity,random_n,0.6661554597182975
UNSW,14,label_affinity,topn,1.3973988562031092
UNSW,14,label_affinity,random_n,0.5478588928580095
UNSW,15,label_affinity,topn,1.343109171081119
UNSW,15,label_affinity,random_n,1.0194975080454436
UNSW,16,label_affinity,topn,0.0
UNSW,16,label_affinity,random_n,0.49566825042433926
UNSW,17,label_affinity,topn,0.5286285865080508
UNSW,17,label_affinity,random_n,1.0425392656057733
UNSW,18,label_affinity,topn,1.2672911520883503
UNSW,18,label_affinity,random_n,0.8583530395217736
UNSW,19,label_affinity,topn,0.0
UNSW,19,label_affinity,random_n,1.1770159942921339
UNSW,20,label_affinity,topn,1.0566177542519581
UNSW,20,label_affinity,random_n,0.8461603348221648
UNSW,21,label_affinity,topn,1.200153970972893
UNSW,21,label_affinity,random_n,1.1597813870020548
UNSW,22,label_affinity,topn,0.8578675541269657
UNSW,22,label_affinity,random_n,0.7169264759856689
UNSW,23,label_affinity,topn,1.5097027688704872
UNSW,23,label_affinity,random_n,1.0952406770402587
UNSW,24,label_affinity,topn,1.0088075977890842
UNSW,24,label_affinity,random_n,0.49924721870468103
UNSW,25,label_affinity,topn,0.8991567376496024
UNSW,25,label_affinity,random_n,0.7107922134296228
UNSW,26,label_affinity,topn,1.440501067652043
UNSW,26,label_affinity,random_n,1.0732652568352095
UNSW,27,label_affinity,topn,0.7858830524371084
UNSW,27,label_affinity,random_n,1.2599663710024194
UNSW,28,label_affinity,topn,1.2881155199368177
UNSW,28,label_affinity,random_n,1.2447499466141123
UNSW,29,label_affinity,topn,0.24032353710849455
UNSW,29,label_affinity,random_n,0.5943759387997033
UNSW,30,label_affinity,topn,0.7972412423692194
UNSW,30,label_affinity,random_n,1.0302407188151694
UNSW,31,label_affinity,topn,1.1016239817278135
UNSW,31,label_affinity,random_n,0.5187161631101671
UNSW,32,label_affinity,topn,1.3280048956344548
UNSW,32,label_affinity,random_n,0.8730386159453256
UNSW,33,label_affinity,topn,0.9102526851144922
UNSW,33,label_affinity,random_n,0.8348878343132472
UNSW,34,label_affinity,topn,0.964232467832281
UNSW,34,label_affinity,random_n,0.8830223429059564
UNSW,35,label_affinity,topn,0.9515380655207424
UNSW,35,label_affinity,random_n,1.0886002105187071
UNSW,36,label_affinity,topn,1.354325246377334
UNSW,36,label_affinity,random_n,0.8690977729783089
UNSW,37,label_affinity,topn,0.8996275023321906
UNSW,37,label_affinity,random_n,1.2283721148656508
UNSW,38,label_affinity,topn,1.2337289188287153
UNSW,38,label_affinity,random_n,1.1923831425039217
UNSW,39,label_affinity,topn,1.306811463373615
UNSW,39,label_affinity,random_n,0.9397985100197802
UNSW,40,label_affinity,topn,0.9493009005540888
UNSW,40,label_affinity,random_n,0.7946314829305581
UNSW,41,label_affinity,topn,0.20742003187961158
UNSW,41,label_affinity,random_n,0.7237882081198582
UNSW,42,label_affinity,topn,0.20686813529499068
UNSW,42,label_affinity,random_n,0.9748289841347907
UNSW,43,label_affinity,topn,0.44774356898810613
UNSW,43,label_affinity,random_n,1.2247106047975571
UNSW,44,label_affinity,topn,1.0143484461964907
UNSW,44,label_affinity,random_n,0.8776809935633043
UNSW,45,label_affinity,topn,0.25752653434489203
UNSW,45,label_affinity,random_n,1.3544899910289703
UNSW,46,label_affinity,topn,1.260280404860189
UNSW,46,label_affinity,random_n,0.8891858936366904
UNSW,47,label_affinity,topn,1.0465922311413463
UNSW,47,label_affinity,random_n,1.233091082190111
UNSW,48,label_affinity,topn,0.5286285865080508
UNSW,48,label_affinity,random_n,0.9594010173496047
UNSW,49,label_affinity,topn,1.1641509285332408
UNSW,49,label_affinity,random_n,1.208538590662071
UNSW,0,random,topn,0.8461603348221648
UNSW,0,random,random_n,1.2575211702995408
UNSW,1,random,topn,0.7490648329999218
UNSW,1,random,random_n,1.0325513690670372
UNSW,2,random,topn,1.0632275869363903
UNSW,2,random,random_n,0.5732434850139928
UNSW,3,random,topn,0.7385014774125306
UNSW,3,random,random_n,0.9342448381880412
UNSW,4,random,topn,0.6583157254675075
UNSW,4,random,random_n,0.37035335245122497
UNSW,5,random,topn,0.9408278474851252
UNSW,5,random,random_n,0.8579369767953736
UNSW,6,random,topn,0.334560487400164
UNSW,6,random,random_n,0.41780393820088263
UNSW,7,random,topn,0.7068842802644925
UNSW,7,random,random_n,0.6386055011097712
UNSW,8,random,topn,0.9601802112351736
UNSW,8,random,random_n,1.0719495617899077
UNSW,9,random,topn,1.3441078494328575
UNSW,9,random,random_n,1.2267643740003118
UNSW,10,random,topn,0.9585839642049558
UNSW,10,random,random_n,0.12900382307153402
UNSW,11,random,topn,0.5001389885080338
UNSW,11,random,random_n,0.6445653126194656
UNSW,12,random,topn,0.7893612580394184
UNSW,12,random,random_n,0.9221766166330784
UNSW,13,random,topn,1.2994505757246744
UNSW,13,random,random_n,1.0681925296124668
UNSW,14,random,topn,1.056777463917008
UNSW,14,random,random_n,0.7632003180983652
UNSW,15,random,topn,1.262203301983979
UNSW,15,random,random_n,1.0441940762745496
UNSW,16,random,topn,0.5964419362971197
UNSW,16,random,random_n,1.0678186864100765
UNSW,17,random,topn,1.0333519609468296
UNSW,17,random,random_n,0.8640476654439104
UNSW,18,random,topn,0.9049771467822755
UNSW,18,random,random_n,0.8491820122425445
UNSW,19,random,topn,0.9095573831470606
UNSW,19,random,random_n,1.120927715475018
UNSW,20,random,topn,1.4349438221535957
UNSW,20,random,random_n,0.9985578303764441
UNSW,21,random,topn,0.9102526851144922
UNSW,21,random,random_n,0.9199263434197685
UNSW,22,random,topn,1.4657477039085494
UNSW,22,random,random_n,1.3649192760089566
UNSW,23,random,topn,1.0136812032922125
UNSW,23,random,random_n,0.8001663282456963
UNSW,24,random,topn,1.0686995580139875
UNSW,24,random,random_n,0.49028482662368816
UNSW,25,random,topn,0.9888384343563269
UNSW,25,random,random_n,0.8810800118117861
UNSW,26,random,topn,0.7045373429672658
UNSW,26,random,random_n,1.0871547193890354
UNSW,27,random,topn,0.25981545139953927
UNSW,27,random,random_n,1.1820011009964329
UNSW,28,random,topn,0.9245863760596779
UNSW,28,random,random_n,0.8296900979514997
UNSW,29,random,topn,1.1055158581764064
UNSW,29,random,random_n,0.5998800679347486
UNSW,30,random,topn,0.9916242228177939
UNSW,30,random,random_n,1.2619382955541116
UNSW,31,random,topn,0.8159710998717276
UNSW,31,random,random_n,0.8470270106974048
UNSW,32,random,topn,1.0235248970394724
UNSW,32,random,random_n,1.3667459482431668
UNSW,33,random,topn,1.1856577255451037
UNSW,33,random,random_n,1.1811317431699857
UNSW,34,random,topn,1.3137411004305848
UNSW,34,random,random_n,0.6934134113607969
UNSW,35,random,topn,1.2691909816038622
UNSW,35,random,random_n,1.068981711397093
UNSW,36,random,topn,1.2255529996735095
UNSW,36,random,random_n,0.38820638561467463
UNSW,37,random,topn,0.7102935903266409
UNSW,37,random,random_n,1.1803488998321747
UNSW,38,random,topn,1.0132831365251915
UNSW,38,random,random_n,1.0275840779185719
UNSW,39,random,topn,1.3000118691431801
UNSW,39,random,random_n,0.9244987015538837
UNSW,40,random,topn,0.6016334786676523
UNSW,40,random,random_n,1.1743607700948593
UNSW,41,random,topn,0.7895102027640287
UNSW,41,random,random_n,1.27770844044001
UNSW,42,random,topn,0.9682062876351575
UNSW,42,random,random_n,0.7372197866815542
UNSW,43,random,topn,1.1974225224035437
UNSW,43,random,random_n,0.8867958359444987
UNSW,44,random,topn,0.4937201196840772
UNSW,44,random,random_n,0.7068842802644925
UNSW,45,random,topn,1.2748531547739748
UNSW,45,random,random_n,1.1552651335071422
UNSW,46,random,topn,0.5066155696924327
UNSW,46,random,random_n,0.5113105048293288
UNSW,47,random,topn,1.1937664151084748
UNSW,47,random,random_n,1.2423049078862443
UNSW,48,random,topn,0.4227487719711526
UNSW,48,random,random_n,1.1367762158974426
UNSW,49,random,topn,1.2139442840493695
UNSW,49,random,random_n,1.315702323589034
UNSW,0,label_affinity,topn,0.7411756017175405
UNSW,0,label_affinity,random_n,0.9390281720885062
UNSW,1,label_affinity,topn,0.24032353710849455
UNSW,1,label_affinity,random_n,0.7383631896802209
UNSW,2,label_affinity,topn,1.0681124742314128
UNSW,2,label_affinity,random_n,0.9475169044027152
UNSW,3,label_affinity,topn,0.6816494836817805
UNSW,3,label_affinity,random_n,1.195808633596058
UNSW,4,label_affinity,topn,0.7328959922573276
UNSW,4,label_affinity,random_n,0.7496167295845427
UNSW,5,label_affinity,topn,0.8640695236760765
UNSW,5,label_affinity,random_n,0.44047070546893735
UNSW,6,label_affinity,topn,0.9950668670926587
UNSW,6,label_affinity,random_n,0.7774995609776415
UNSW,7,label_affinity,topn,0.44719167240348523
UNSW,7,label_affinity,random_n,0.9601296639176248
UNSW,8,label_affinity,topn,1.032437905721497
UNSW,8,label_affinity,random_n,0.6356193927639667
UNSW,9,label_affinity,topn,0.5286285865080508
UNSW,9,label_affinity,random_n,1.3197731752175879
UNSW,10,label_affinity,topn,1.275166530804161
UNSW,10,label_affinity,random_n,1.263619784169596
UNSW,11,label_affinity,topn,0.7972412423692194
UNSW,11,label_affinity,random_n,0.6050545801615765
UNSW,12,label_affinity,topn,0.9702854047478618
UNSW,12,label_affinity,random_n,1.1148824855306518
UNSW,13,label_affinity,topn,0.0
UNSW,13,label_affinity,random_n,0.23524156237548532
UNSW,14,label_affinity,topn,1.3973988562031092
UNSW,14,label_affinity,random_n,0.8913278065871134
UNSW,15,label_affinity,topn,1.343109171081119
UNSW,15,label_affinity,random_n,1.1786608753267347
UNSW,16,label_affinity,topn,0.0
UNSW,16,label_affinity,random_n,1.1009065790147428
UNSW,17,label_affinity,topn,0.5286285865080508
UNSW,17,label_affinity,random_n,0.8788953652223478
UNSW,18,label_affinity,topn,1.2672911520883503
UNSW,18,label_affinity,random_n,1.2107841698098234
UNSW,19,label_affinity,topn,0.0
UNSW,19,label_affinity,random_n,0.8386193838067241
UNSW,20,label_affinity,topn,1.0566177542519581
UNSW,20,label_affinity,random_n,0.9677882221759223
UNSW,21,label_affinity,topn,1.200153970972893
UNSW,21,label_affinity,random_n,0.7595909017280017
UNSW,22,label_affinity,topn,0.8578675541269657
UNSW,22,label_affinity,random_n,0.5868995599614792
UNSW,23,label_affinity,topn,1.5097027688704872
UNSW,23,label_affinity,random_n,1.0049840829341314
UNSW,24,label_affinity,topn,1.0088075977890842
UNSW,24,label_affinity,random_n,0.6680407877784802
UNSW,25,label_affinity,topn,0.8991567376496024
UNSW,25,label_affinity,random_n,1.0323225223932997
UNSW,26,label_affinity,topn,1.440501067652043
UNSW,26,label_affinity,random_n,0.8708134987130953
UNSW,27,label_affinity,topn,0.7858830524371084
UNSW,27,label_affinity,random_n,1.1983446669546296
UNSW,28,label_affinity,topn,1.2881155199368177
UNSW,28,label_affinity,random_n,0.463564310471698
UNSW,29,label_affinity,topn,0.24032353710849455
UNSW,29,label_affinity,random_n,0.865723693642159
UNSW,30,label_affinity,topn,0.7972412423692194
UNSW,30,label_affinity,random_n,0.8131830425137269
UNSW,31,label_affinity,topn,1.1016239817278135
UNSW,31,label_affinity,random_n,0.7074292782050605
UNSW,32,label_affinity,topn,1.3280048956344548
UNSW,32,label_affinity,random_n,0.505643117643079
UNSW,33,label_affinity,topn,0.9102526851144922
UNSW,33,label_affinity,random_n,0.842346977193667
UNSW,34,label_affinity,topn,0.964232467832281
UNSW,34,label_affinity,random_n,0.6612773700862116
UNSW,35,label_affinity,topn,0.9515380655207424
UNSW,35,label_affinity,random_n,0.9360776667056729
UNSW,36,label_affinity,topn,1.354325246377334
UNSW,36,label_affinity,random_n,0.7622593382808566
UNSW,37,label_affinity,topn,0.8996275023321906
UNSW,37,label_affinity,random_n,1.101680406590687
UNSW,38,label_affinity,topn,1.2337289188287153
UNSW,38,label_affinity,random_n,1.0173280323563436
UNSW,39,label_affinity,topn,1.306811463373615
UNSW,39,label_affinity,random_n,0.8910148033266516
UNSW,40,label_affinity,topn,0.9493009005540888
UNSW,40,label_affinity,random_n,0.6526891986004593
UNSW,41,label_affinity,topn,0.20742003187961158
UNSW,41,label_affinity,random_n,1.2407113886123662
UNSW,42,label_affinity,topn,0.20686813529499068
UNSW,42,label_affinity,random_n,0.9215622613534441
UNSW,43,label_affinity,topn,0.44774356898810613
UNSW,43,label_affinity,random_n,0.8910799440617039
UNSW,44,label_affinity,topn,1.0143484461964907
UNSW,44,label_affinity,random_n,0.6490257142220969
UNSW,45,label_affinity,topn,0.25752653434489203
UNSW,45,label_affinity,random_n,0.2533965825755826
UNSW,46,label_affinity,topn,1.260280404860189
UNSW,46,label_affinity,random_n,0.7930433507613762
UNSW,47,label_affinity,topn,1.0465922311413463
UNSW,47,label_affinity,random_n,1.303401262438868
UNSW,48,label_affinity,topn,0.5286285865080508
UNSW,48,label_affinity,random_n,0.9900689685457756
UNSW,49,label_affinity,topn,1.1641509285332408
UNSW,49,label_affinity,random_n,0.883874636039014
UNSW,0,random,topn,0.8461603348221648
UNSW,0,random,random_n,1.2130140298305259
UNSW,1,random,topn,0.7490648329999218
UNSW,1,random,random_n,0.9877193301165038
UNSW,2,random,topn,1.0632275869363903
UNSW,2,random,random_n,1.1149698309912992
UNSW,3,random,topn,0.7385014774125306
UNSW,3,random,random_n,1.2157703604036494
UNSW,4,random,topn,0.6583157254675075
UNSW,4,random,random_n,0.5724113843860498
UNSW,5,random,topn,0.9408278474851252
UNSW,5,random,random_n,0.16293332057161333
UNSW,6,random,topn,0.334560487400164
UNSW,6,random,random_n,1.0380263013729218
UNSW,7,random,topn,0.7068842802644925
UNSW,7,random,random_n,1.250192922989908
UNSW,8,random,topn,0.9601802112351736
UNSW,8,random,random_n,0.2888001151293486
UNSW,9,random,topn,1.3441078494328575
UNSW,9,random,random_n,1.2495072831029779
UNSW,10,random,topn,0.9585839642049558
UNSW,10,random,random_n,0.889399793801409
UNSW,11,random,topn,0.5001389885080338
UNSW,11,random,random_n,1.3498779945432133
UNSW,12,random,topn,0.7893612580394184
UNSW,12,random,random_n,1.4538054470573554
UNSW,13,random,topn,1.2994505757246744
UNSW,13,random,random_n,1.0654859087802808
UNSW,14,random,topn,1.056777463917008
UNSW,14,random,random_n,0.7732510595158241
UNSW,15,random,topn,1.262203301983979
UNSW,15,random,random_n,1.1196431574072072
UNSW,16,random,topn,0.5964419362971197
UNSW,16,random,random_n,0.8000776691381996
UNSW,17,random,topn,1.0333519609468296
UNSW,17,random,random_n,0.7331887217964176
UNSW,18,random,topn,0.9049771467822755
UNSW,18,random,random_n,0.7870319818813831
UNSW,19,random,topn,0.9095573831470606
UNSW,19,random,random_n,1.022348706192128
UNSW,20,random,topn,1.4349438221535957
UNSW,20,random,random_n,1.439668164258577
UNSW,21,random,topn,0.9102526851144922
UNSW,21,random,random_n,0.5113105048293288
UNSW,22,random,topn,1.4657477039085494
UNSW,22,random,random_n,1.0389775038329057
UNSW,23,random,topn,1.0136812032922125
UNSW,23,random,random_n,0.8009652627573894
UNSW,24,random,topn,1.0686995580139875
UNSW,24,random,random_n,0.5190517197602385
UNSW,25,random,topn,0.9888384343563269
UNSW,25,random,random_n,0.5998582721443644
UNSW,26,random,topn,0.7045373429672658
UNSW,26,random,random_n,1.0668008699016291
UNSW,27,random,topn,0.25981545139953927
UNSW,27,random,random_n,0.9438470079014967
UNSW,28,random,topn,0.9245863760596779
UNSW,28,random,random_n,0.4756721805381579
UNSW,29,random,topn,1.1055158581764064
UNSW,29,random,random_n,1.2835396720510677
UNSW,30,random,topn,0.9916242228177939
UNSW,30,random,random_n,1.3337548363817222
UNSW,31,random,topn,0.8159710998717276
UNSW,31,random,random_n,0.8600824489262912
UNSW,32,random,topn,1.0235248970394724
UNSW,32,random,random_n,0.9233356765668672
UNSW,33,random,topn,1.1856577255451037
UNSW,33,random,random_n,0.5698020497756493
UNSW,34,random,topn,1.3137411004305848
UNSW,34,random,random_n,1.0631003639937229
UNSW,35,random,topn,1.2691909816038622
UNSW,35,random,random_n,0.9238153856659611
UNSW,36,random,topn,1.2255529996735095
UNSW,36,random,random_n,0.9794790017181377
UNSW,37,random,topn,0.7102935903266409
UNSW,37,random,random_n,1.1717513335837924
UNSW,38,random,topn,1.0132831365251915
UNSW,38,random,random_n,1.2213157862577668
UNSW,39,random,topn,1.3000118691431801
UNSW,39,random,random_n,0.49566825042433926
UNSW,40,random,topn,0.6016334786676523
UNSW,40,random,random_n,1.2335387265543682
UNSW,41,random,topn,0.7895102027640287
UNSW,41,random,random_n,1.053497367732916
UNSW,42,random,topn,0.9682062876351575
UNSW,42,random,random_n,0.9262001664175457
UNSW,43,random,topn,1.1974225224035437
UNSW,43,random,random_n,0.663580386175849
UNSW,44,random,topn,0.4937201196840772
UNSW,44,random,random_n,0.6285299227231692
UNSW,45,random,topn,1.2748531547739748
UNSW,45,random,random_n,0.8014144876062678
UNSW,46,random,topn,0.5066155696924327
UNSW,46,random,random_n,0.37328592057518667
UNSW,47,random,topn,1.1937664151084748
UNSW,47,random,random_n,1.1299088830875974
UNSW,48,random,topn,0.4227487719711526
UNSW,48,random,random_n,0.987946664552974
UNSW,49,random,topn,1.2139442840493695
UNSW,49,random,random_n,1.0590807711479064
