dataset,client_id,matrix_type,neighbor_type,mean_js_to_global
UNSW,0,label_affinity,topn,0.657592624462489
UNSW,0,label_affinity,random_n,0.4834786532861835
UNSW,1,label_affinity,topn,0.6085070002271779
UNSW,1,label_affinity,random_n,0.6108990966111548
UNSW,2,label_affinity,topn,0.6818115281826153
UNSW,2,label_affinity,random_n,0.6059246359317454
UNSW,3,label_affinity,topn,0.5747437287067941
UNSW,3,label_affinity,random_n,0.46893376925156965
UNSW,4,label_affinity,topn,0.6283134843038053
UNSW,4,label_affinity,random_n,0.5606886722468543
UNSW,5,label_affinity,topn,0.6229047463428884
UNSW,5,label_affinity,random_n,0.5237631275396462
UNSW,6,label_affinity,topn,0.472101289975247
UNSW,6,label_affinity,random_n,0.6260611403618261
UNSW,7,label_affinity,topn,0.5776163909874573
UNSW,7,label_affinity,random_n,0.5548421348040047
UNSW,8,label_affinity,topn,0.47395239673929046
UNSW,8,label_affinity,random_n,0.5114438780548877
UNSW,9,label_affinity,topn,0.5831984385908074
UNSW,9,label_affinity,random_n,0.6680739829265002
UNSW,10,label_affinity,topn,0.436787229289402
UNSW,10,label_affinity,random_n,0.5784467550708011
UNSW,11,label_affinity,topn,0.5504418350768437
UNSW,11,label_affinity,random_n,0.6374559428224829
UNSW,12,label_affinity,topn,0.4784937899127757
UNSW,12,label_affinity,random_n,0.6084407871603711
UNSW,13,label_affinity,topn,0.6573443880807325
UNSW,13,label_affinity,random_n,0.5521575936726754
UNSW,14,label_affinity,topn,0.6659385408249207
UNSW,14,label_affinity,random_n,0.506662795044166
UNSW,15,label_affinity,topn,0.6669730392142199
UNSW,15,label_affinity,random_n,0.44034655181009824
UNSW,16,label_affinity,topn,0.6573443880807325
UNSW,16,label_affinity,random_n,0.47615829130388954
UNSW,17,label_affinity,topn,0.5831984385908074
UNSW,17,label_affinity,random_n,0.49953200240219503
UNSW,18,label_affinity,topn,0.6744578436280465
UNSW,18,label_affinity,random_n,0.5701194384526566
UNSW,19,label_affinity,topn,0.6573443880807325
UNSW,19,label_affinity,random_n,0.6350755794459584
UNSW,20,label_affinity,topn,0.624383177345307
UNSW,20,label_affinity,random_n,0.599305970662066
UNSW,21,label_affinity,topn,0.46858828466075164
UNSW,21,label_affinity,random_n,0.591263191030681
UNSW,22,label_affinity,topn,0.5492375739211318
UNSW,22,label_affinity,random_n,0.6392512706318981
UNSW,23,label_affinity,topn,0.4140402579209829
UNSW,23,label_affinity,random_n,0.5130350264339435
UNSW,24,label_affinity,topn,0.5873643807523917
UNSW,24,label_affinity,random_n,0.5182369244079986
UNSW,25,label_affinity,topn,0.7229090370496175
UNSW,25,label_affinity,random_n,0.4252387974952741
UNSW,26,label_affinity,topn,0.556397612222503
UNSW,26,label_affinity,random_n,0.513684904795176
UNSW,27,label_affinity,topn,0.6264837148026342
UNSW,27,label_affinity,random_n,0.5082546011672456
UNSW,28,label_affinity,topn,0.6033240299613779
UNSW,28,label_affinity,random_n,0.6189886942180213
UNSW,29,label_affinity,topn,0.6085070002271779
UNSW,29,label_affinity,random_n,0.6329464677787658
UNSW,30,label_affinity,topn,0.5504418350768436
UNSW,30,label_affinity,random_n,0.5406036511006684
UNSW,31,label_affinity,topn,0.4785521364109418
UNSW,31,label_affinity,random_n,0.6129675389551702
UNSW,32,label_affinity,topn,0.5670986467013969
UNSW,32,label_affinity,random_n,0.5083811421503356
UNSW,33,label_affinity,topn,0.4701380304072815
UNSW,33,label_affinity,random_n,0.6848193125891934
UNSW,34,label_affinity,topn,0.6069744724907523
UNSW,34,label_affinity,random_n,0.5367899835936557
UNSW,35,label_affinity,topn,0.5178044796356315
UNSW,35,label_affinity,random_n,0.5756117348562175
UNSW,36,label_affinity,topn,0.650381663697459
UNSW,36,label_affinity,random_n,0.6009356933855874
UNSW,37,label_affinity,topn,0.5237224605274188
UNSW,37,label_affinity,random_n,0.5109368386411485
UNSW,38,label_affinity,topn,0.5732006478995161
UNSW,38,label_affinity,random_n,0.5558388006991785
UNSW,39,label_affinity,topn,0.5851431073894134
UNSW,39,label_affinity,random_n,0.5831153984573505
UNSW,40,label_affinity,topn,0.551369650394809
UNSW,40,label_affinity,random_n,0.5579033187817525
UNSW,41,label_affinity,topn,0.6445221818998227
UNSW,41,label_affinity,random_n,0.5772726949279577
UNSW,42,label_affinity,topn,0.6264537788410119
UNSW,42,label_affinity,random_n,0.5316834121225897
UNSW,43,label_affinity,topn,0.5956847940462681
UNSW,43,label_affinity,random_n,0.6341374739097742
UNSW,44,label_affinity,topn,0.7019972840814569
UNSW,44,label_affinity,random_n,0.5258405041632931
UNSW,45,label_affinity,topn,0.6047364975720901
UNSW,45,label_affinity,random_n,0.5851336569834475
UNSW,46,label_affinity,topn,0.49082608350894996
UNSW,46,label_affinity,random_n,0.7222518738850532
UNSW,47,label_affinity,topn,0.5422164473988814
UNSW,47,label_affinity,random_n,0.5999875789013752
UNSW,48,label_affinity,topn,0.5831984385908074
UNSW,48,label_affinity,random_n,0.5168310251421598
UNSW,49,label_affinity,topn,0.498929492968037
UNSW,49,label_affinity,random_n,0.5710928929461282
UNSW,0,random,topn,0.7009614951186255
UNSW,0,random,random_n,0.6071134768399931
UNSW,1,random,topn,0.5849186086790912
UNSW,1,random,random_n,0.6658218730083592
UNSW,2,random,topn,0.560944499900354
UNSW,2,random,random_n,0.5553740765783411
UNSW,3,random,topn,0.6492435720132699
UNSW,3,random,random_n,0.5355575999807304
UNSW,4,random,topn,0.6470993528512455
UNSW,4,random,random_n,0.5884942524975716
UNSW,5,random,topn,0.5817047975489408
UNSW,5,random,random_n,0.644552970953097
UNSW,6,random,topn,0.5877312156049752
UNSW,6,random,random_n,0.5617050836276635
UNSW,7,random,topn,0.646850010773297
UNSW,7,random,random_n,0.6210953583797161
UNSW,8,random,topn,0.7381821477371894
UNSW,8,random,random_n,0.5647247265872786
UNSW,9,random,topn,0.506530489682265
UNSW,9,random,random_n,0.5175292184044773
UNSW,10,random,topn,0.6609541394075878
UNSW,10,random,random_n,0.7078484202733861
UNSW,11,random,topn,0.5954476460280764
UNSW,11,random,random_n,0.7066701964173904
UNSW,12,random,topn,0.5754282750762827
UNSW,12,random,random_n,0.6422852311592543
UNSW,13,random,topn,0.541332179352162
UNSW,13,random,random_n,0.5875921432855082
UNSW,14,random,topn,0.5167534125319856
UNSW,14,random,random_n,0.7356384189740953
UNSW,15,random,topn,0.5140580698650242
UNSW,15,random,random_n,0.6224449136465552
UNSW,16,random,topn,0.6014135208051862
UNSW,16,random,random_n,0.5211785843217068
UNSW,17,random,topn,0.6220825841377909
UNSW,17,random,random_n,0.5608566463658108
UNSW,18,random,topn,0.5687640175625434
UNSW,18,random,random_n,0.512585228217547
UNSW,19,random,topn,0.6688410007237402
UNSW,19,random,random_n,0.6144913290190976
UNSW,20,random,topn,0.4934296321504772
UNSW,20,random,random_n,0.6631850182246278
UNSW,21,random,topn,0.4701380304072815
UNSW,21,random,random_n,0.5749728276035465
UNSW,22,random,topn,0.6124170085634929
UNSW,22,random,random_n,0.6765752057166767
UNSW,23,random,topn,0.6009083604578821
UNSW,23,random,random_n,0.6415426485821668
UNSW,24,random,topn,0.5151647876579555
UNSW,24,random,random_n,0.5272473401010837
UNSW,25,random,topn,0.5919196643621709
UNSW,25,random,random_n,0.6084661818915126
UNSW,26,random,topn,0.6430754041576304
UNSW,26,random,random_n,0.5418902060139448
UNSW,27,random,topn,0.6442850338816312
UNSW,27,random,random_n,0.5806183391763454
UNSW,28,random,topn,0.5550877799575833
UNSW,28,random,random_n,0.4942753579362033
UNSW,29,random,topn,0.44187712015412123
UNSW,29,random,random_n,0.5137361155887207
UNSW,30,random,topn,0.5777453928754922
UNSW,30,random,random_n,0.5502272102253482
UNSW,31,random,topn,0.5607544869798909
UNSW,31,random,random_n,0.5706905289826003
UNSW,32,random,topn,0.5437689564676722
UNSW,32,random,random_n,0.4796755857360793
UNSW,33,random,topn,0.5170304315569297
UNSW,33,random,random_n,0.6847979888323712
UNSW,34,random,topn,0.4825353070388608
UNSW,34,random,random_n,0.5198399142867319
UNSW,35,random,topn,0.4390333164762447
UNSW,35,random,random_n,0.6130338810303506
UNSW,36,random,topn,0.6283222091952947
UNSW,36,random,random_n,0.6879206179727922
UNSW,37,random,topn,0.5590304374186107
UNSW,37,random,random_n,0.6284892930160705
UNSW,38,random,topn,0.6111162754442986
UNSW,38,random,random_n,0.6165970480183709
UNSW,39,random,topn,0.5560813645307207
UNSW,39,random,random_n,0.5367254814837746
UNSW,40,random,topn,0.6559303321554428
UNSW,40,random,random_n,0.5697639430923481
UNSW,41,random,topn,0.5783026060118549
UNSW,41,random,random_n,0.6284345781873776
UNSW,42,random,topn,0.5014976260949738
UNSW,42,random,random_n,0.5978774701281678
UNSW,43,random,topn,0.49410020724495873
UNSW,43,random,random_n,0.6171961976119524
UNSW,44,random,topn,0.5888119503003328
UNSW,44,random,random_n,0.6591583878852387
UNSW,45,random,topn,0.6042939766505432
UNSW,45,random,random_n,0.5031642615900888
UNSW,46,random,topn,0.6072575157617147
UNSW,46,random,random_n,0.6359520685237618
UNSW,47,random,topn,0.5110557199199292
UNSW,47,random,random_n,0.5702990555785293
UNSW,48,random,topn,0.6261919164327968
UNSW,48,random,random_n,0.5569594876440355
UNSW,49,random,topn,0.5284323839839046
UNSW,49,random,random_n,0.4953159102515374
UNSW,0,label_affinity,topn,0.657592624462489
UNSW,0,label_affinity,random_n,0.550173409675901
UNSW,1,label_affinity,topn,0.6085070002271779
UNSW,1,label_affinity,random_n,0.5200042450012353
UNSW,2,label_affinity,topn,0.6818115281826153
UNSW,2,label_affinity,random_n,0.5903040347104915
UNSW,3,label_affinity,topn,0.5747437287067941
UNSW,3,label_affinity,random_n,0.5738458883323697
UNSW,4,label_affinity,topn,0.6283134843038053
UNSW,4,label_affinity,random_n,0.6354777675584288
UNSW,5,label_affinity,topn,0.6229047463428884
UNSW,5,label_affinity,random_n,0.6991396428267639
UNSW,6,label_affinity,topn,0.472101289975247
UNSW,6,label_affinity,random_n,0.5015526891942735
UNSW,7,label_affinity,topn,0.5776163909874573
UNSW,7,label_affinity,random_n,0.5937736906329635
UNSW,8,label_affinity,topn,0.47395239673929046
UNSW,8,label_affinity,random_n,0.6431700595954224
UNSW,9,label_affinity,topn,0.5831984385908074
UNSW,9,label_affinity,random_n,0.5820104638986227
UNSW,10,label_affinity,topn,0.436787229289402
UNSW,10,label_affinity,random_n,0.6540290040376273
UNSW,11,label_affinity,topn,0.5504418350768437
UNSW,11,label_affinity,random_n,0.6742374817147382
UNSW,12,label_affinity,topn,0.4784937899127757
UNSW,12,label_affinity,random_n,0.4758586263135542
UNSW,13,label_affinity,topn,0.6573443880807325
UNSW,13,label_affinity,random_n,0.7036226577124235
UNSW,14,label_affinity,topn,0.6659385408249207
UNSW,14,label_affinity,random_n,0.6074462567359545
UNSW,15,label_affinity,topn,0.6669730392142199
UNSW,15,label_affinity,random_n,0.5072900385751166
UNSW,16,label_affinity,topn,0.6573443880807325
UNSW,16,label_affinity,random_n,0.5636394451296188
UNSW,17,label_affinity,topn,0.5831984385908074
UNSW,17,label_affinity,random_n,0.46854365877837356
UNSW,18,label_affinity,topn,0.6744578436280465
UNSW,18,label_affinity,random_n,0.522518199371707
UNSW,19,label_affinity,topn,0.6573443880807325
UNSW,19,label_affinity,random_n,0.7185595177251264
UNSW,20,label_affinity,topn,0.624383177345307
UNSW,20,label_affinity,random_n,0.5158720756103351
UNSW,21,label_affinity,topn,0.46858828466075164
UNSW,21,label_affinity,random_n,0.5864678128661804
UNSW,22,label_affinity,topn,0.5492375739211318
UNSW,22,label_affinity,random_n,0.42337322768973557
UNSW,23,label_affinity,topn,0.4140402579209829
UNSW,23,label_affinity,random_n,0.6223149064764265
UNSW,24,label_affinity,topn,0.5873643807523917
UNSW,24,label_affinity,random_n,0.6630575859474871
UNSW,25,label_affinity,topn,0.7229090370496175
UNSW,25,label_affinity,random_n,0.5428141390286331
UNSW,26,label_affinity,topn,0.556397612222503
UNSW,26,label_affinity,random_n,0.4608734367113206
UNSW,27,label_affinity,topn,0.6264837148026342
UNSW,27,label_affinity,random_n,0.626033206772905
UNSW,28,label_affinity,topn,0.6033240299613779
UNSW,28,label_affinity,random_n,0.4767265416365629
UNSW,29,label_affinity,topn,0.6085070002271779
UNSW,29,label_affinity,random_n,0.6644499842004166
UNSW,30,label_affinity,topn,0.5504418350768436
UNSW,30,label_affinity,random_n,0.5211993707905503
UNSW,31,label_affinity,topn,0.4785521364109418
UNSW,31,label_affinity,random_n,0.6046136586059362
UNSW,32,label_affinity,topn,0.5670986467013969
UNSW,32,label_affinity,random_n,0.7176693974184575
UNSW,33,label_affinity,topn,0.4701380304072815
UNSW,33,label_affinity,random_n,0.48060334325197934
UNSW,34,label_affinity,topn,0.6069744724907523
UNSW,34,label_affinity,random_n,0.5429825417861971
UNSW,35,label_affinity,topn,0.5178044796356315
UNSW,35,label_affinity,random_n,0.6240414007314281
UNSW,36,label_affinity,topn,0.650381663697459
UNSW,36,label_affinity,random_n,0.5642646159265673
UNSW,37,label_affinity,topn,0.5237224605274188
UNSW,37,label_affinity,random_n,0.5257407639640355
UNSW,38,label_affinity,topn,0.5732006478995161
UNSW,38,label_affinity,random_n,0.6385759132511057
UNSW,39,label_affinity,topn,0.5851431073894134
UNSW,39,label_affinity,random_n,0.5417144624510043
UNSW,40,label_affinity,topn,0.551369650394809
UNSW,40,label_affinity,random_n,0.5668482507439924
UNSW,41,label_affinity,topn,0.6445221818998227
UNSW,41,label_affinity,random_n,0.628410788423665
UNSW,42,label_affinity,topn,0.6264537788410119
UNSW,42,label_affinity,random_n,0.5670512593658751
UNSW,43,label_affinity,topn,0.5956847940462681
UNSW,43,label_affinity,random_n,0.6382824325549488
UNSW,44,label_affinity,topn,0.7019972840814569
UNSW,44,label_affinity,random_n,0.5464349132766796
UNSW,45,label_affinity,topn,0.6047364975720901
UNSW,45,label_affinity,random_n,0.6117078784639619
UNSW,46,label_affinity,topn,0.49082608350894996
UNSW,46,label_affinity,random_n,0.573302862171962
UNSW,47,label_affinity,topn,0.5422164473988814
UNSW,47,label_affinity,random_n,0.5236409364473299
UNSW,48,label_affinity,topn,0.5831984385908074
UNSW,48,label_affinity,random_n,0.5211993707905502
UNSW,49,label_affinity,topn,0.498929492968037
UNSW,49,label_affinity,random_n,0.547222859243976
UNSW,0,random,topn,0.7009614951186255
UNSW,0,random,random_n,0.5944578601743834
UNSW,1,random,topn,0.5849186086790912
UNSW,1,random,random_n,0.5763921919495001
UNSW,2,random,topn,0.560944499900354
UNSW,2,random,random_n,0.49991741103521276
UNSW,3,random,topn,0.6492435720132699
UNSW,3,random,random_n,0.6823956035089361
UNSW,4,random,topn,0.6470993528512455
UNSW,4,random,random_n,0.5032592613631409
UNSW,5,random,topn,0.5817047975489408
UNSW,5,random,random_n,0.5955748267439062
UNSW,6,random,topn,0.5877312156049752
UNSW,6,random,random_n,0.6200180314281994
UNSW,7,random,topn,0.646850010773297
UNSW,7,random,random_n,0.5527107358018037
UNSW,8,random,topn,0.7381821477371894
UNSW,8,random,random_n,0.44686511344367325
UNSW,9,random,topn,0.506530489682265
UNSW,9,random,random_n,0.6156428082446409
UNSW,10,random,topn,0.6609541394075878
UNSW,10,random,random_n,0.6772942089827362
UNSW,11,random,topn,0.5954476460280764
UNSW,11,random,random_n,0.5379829814618217
UNSW,12,random,topn,0.5754282750762827
UNSW,12,random,random_n,0.5813985059752819
UNSW,13,random,topn,0.541332179352162
UNSW,13,random,random_n,0.608143662139391
UNSW,14,random,topn,0.5167534125319856
UNSW,14,random,random_n,0.6009189628018203
UNSW,15,random,topn,0.5140580698650242
UNSW,15,random,random_n,0.6441364884717813
UNSW,16,random,topn,0.6014135208051862
UNSW,16,random,random_n,0.48560114846491603
UNSW,17,random,topn,0.6220825841377909
UNSW,17,random,random_n,0.6405202578069221
UNSW,18,random,topn,0.5687640175625434
UNSW,18,random,random_n,0.6812664451917806
UNSW,19,random,topn,0.6688410007237402
UNSW,19,random,random_n,0.6215805991899137
UNSW,20,random,topn,0.4934296321504772
UNSW,20,random,random_n,0.6632996897363714
UNSW,21,random,topn,0.4701380304072815
UNSW,21,random,random_n,0.6348076529177532
UNSW,22,random,topn,0.6124170085634929
UNSW,22,random,random_n,0.5867794072095559
UNSW,23,random,topn,0.6009083604578821
UNSW,23,random,random_n,0.5865269544492634
UNSW,24,random,topn,0.5151647876579555
UNSW,24,random,random_n,0.5587098908818299
UNSW,25,random,topn,0.5919196643621709
UNSW,25,random,random_n,0.5904138827783436
UNSW,26,random,topn,0.6430754041576304
UNSW,26,random,random_n,0.519413631554094
UNSW,27,random,topn,0.6442850338816312
UNSW,27,random,random_n,0.5746367576525357
UNSW,28,random,topn,0.5550877799575833
UNSW,28,random,random_n,0.6563384638212909
UNSW,29,random,topn,0.44187712015412123
UNSW,29,random,random_n,0.5396346340758428
UNSW,30,random,topn,0.5777453928754922
UNSW,30,random,random_n,0.5601963945925054
UNSW,31,random,topn,0.5607544869798909
UNSW,31,random,random_n,0.6130338810303505
UNSW,32,random,topn,0.5437689564676722
UNSW,32,random,random_n,0.5454572851929888
UNSW,33,random,topn,0.5170304315569297
UNSW,33,random,random_n,0.6491378753636335
UNSW,34,random,topn,0.4825353070388608
UNSW,34,random,random_n,0.565613628570417
UNSW,35,random,topn,0.4390333164762447
UNSW,35,random,random_n,0.5751662715922948
UNSW,36,random,topn,0.6283222091952947
UNSW,36,random,random_n,0.519189683513251
UNSW,37,random,topn,0.5590304374186107
UNSW,37,random,random_n,0.6071134768399932
UNSW,38,random,topn,0.6111162754442986
UNSW,38,random,random_n,0.5462207847072819
UNSW,39,random,topn,0.5560813645307207
UNSW,39,random,random_n,0.5429304384751646
UNSW,40,random,topn,0.6559303321554428
UNSW,40,random,random_n,0.608652459762015
UNSW,41,random,topn,0.5783026060118549
UNSW,41,random,random_n,0.6260639958261792
UNSW,42,random,topn,0.5014976260949738
UNSW,42,random,random_n,0.6296264914302435
UNSW,43,random,topn,0.49410020724495873
UNSW,43,random,random_n,0.5610168696142557
UNSW,44,random,topn,0.5888119503003328
UNSW,44,random,random_n,0.49953200240219503
UNSW,45,random,topn,0.6042939766505432
UNSW,45,random,random_n,0.7258664594966877
UNSW,46,random,topn,0.6072575157617147
UNSW,46,random,random_n,0.6460754255963345
UNSW,47,random,topn,0.5110557199199292
UNSW,47,random,random_n,0.5667332489650994
UNSW,48,random,topn,0.6261919164327968
UNSW,48,random,random_n,0.5197269371416227
UNSW,49,random,topn,0.5284323839839046
UNSW,49,random,random_n,0.5703762324098977
UNSW,0,label_affinity,topn,0.657592624462489
UNSW,0,label_affinity,random_n,0.616024266223168
UNSW,1,label_affinity,topn,0.6085070002271779
UNSW,1,label_affinity,random_n,0.4611994796716313
UNSW,2,label_affinity,topn,0.6818115281826153
UNSW,2,label_affinity,random_n,0.6428159148570417
UNSW,3,label_affinity,topn,0.5747437287067941
UNSW,3,label_affinity,random_n,0.6559960814895888
UNSW,4,label_affinity,topn,0.6283134843038053
UNSW,4,label_affinity,random_n,0.5958935734236261
UNSW,5,label_affinity,topn,0.6229047463428884
UNSW,5,label_affinity,random_n,0.6090039144165679
UNSW,6,label_affinity,topn,0.472101289975247
UNSW,6,label_affinity,random_n,0.4764455240845739
UNSW,7,label_affinity,topn,0.5776163909874573
UNSW,7,label_affinity,random_n,0.6223634377149089
UNSW,8,label_affinity,topn,0.47395239673929046
UNSW,8,label_affinity,random_n,0.6996230572084475
UNSW,9,label_affinity,topn,0.5831984385908074
UNSW,9,label_affinity,random_n,0.6502509086587408
UNSW,10,label_affinity,topn,0.436787229289402
UNSW,10,label_affinity,random_n,0.5695323595168743
UNSW,11,label_affinity,topn,0.5504418350768437
UNSW,11,label_affinity,random_n,0.6554320701462505
UNSW,12,label_affinity,topn,0.4784937899127757
UNSW,12,label_affinity,random_n,0.6263663917478283
UNSW,13,label_affinity,topn,0.6573443880807325
UNSW,13,label_affinity,random_n,0.6761790340661206
UNSW,14,label_affinity,topn,0.6659385408249207
UNSW,14,label_affinity,random_n,0.6000842518650935
UNSW,15,label_affinity,topn,0.6669730392142199
UNSW,15,label_affinity,random_n,0.5494459626927749
UNSW,16,label_affinity,topn,0.6573443880807325
UNSW,16,label_affinity,random_n,0.5449562989574236
UNSW,17,label_affinity,topn,0.5831984385908074
UNSW,17,label_affinity,random_n,0.5592519303788648
UNSW,18,label_affinity,topn,0.6744578436280465
UNSW,18,label_affinity,random_n,0.6056308688936806
UNSW,19,label_affinity,topn,0.6573443880807325
UNSW,19,label_affinity,random_n,0.4473831806959862
UNSW,20,label_affinity,topn,0.624383177345307
UNSW,20,label_affinity,random_n,0.6357769198366374
UNSW,21,label_affinity,topn,0.46858828466075164
UNSW,21,label_affinity,random_n,0.6470452369136261
UNSW,22,label_affinity,topn,0.5492375739211318
UNSW,22,label_affinity,random_n,0.40900446089577186
UNSW,23,label_affinity,topn,0.4140402579209829
UNSW,23,label_affinity,random_n,0.5864678128661804
UNSW,24,label_affinity,topn,0.5873643807523917
UNSW,24,label_affinity,random_n,0.5383308834932485
UNSW,25,label_affinity,topn,0.7229090370496175
UNSW,25,label_affinity,random_n,0.6628651095222674
UNSW,26,label_affinity,topn,0.556397612222503
UNSW,26,label_affinity,random_n,0.6060261473448031
UNSW,27,label_affinity,topn,0.6264837148026342
UNSW,27,label_affinity,random_n,0.6142433197098948
UNSW,28,label_affinity,topn,0.6033240299613779
UNSW,28,label_affinity,random_n,0.5506351540298172
UNSW,29,label_affinity,topn,0.6085070002271779
UNSW,29,label_affinity,random_n,0.5613403575784375
UNSW,30,label_affinity,topn,0.5504418350768436
UNSW,30,label_affinity,random_n,0.6525331337902491
UNSW,31,label_affinity,topn,0.4785521364109418
UNSW,31,label_affinity,random_n,0.6124920086367603
UNSW,32,label_affinity,topn,0.5670986467013969
UNSW,32,label_affinity,random_n,0.6228846242303204
UNSW,33,label_affinity,topn,0.4701380304072815
UNSW,33,label_affinity,random_n,0.5647261875224041
UNSW,34,label_affinity,topn,0.6069744724907523
UNSW,34,label_affinity,random_n,0.568324661933615
UNSW,35,label_affinity,topn,0.5178044796356315
UNSW,35,label_affinity,random_n,0.6540005100700927
UNSW,36,label_affinity,topn,0.650381663697459
UNSW,36,label_affinity,random_n,0.5369249091730554
UNSW,37,label_affinity,topn,0.5237224605274188
UNSW,37,label_affinity,random_n,0.6559938428616308
UNSW,38,label_affinity,topn,0.5732006478995161
UNSW,38,label_affinity,random_n,0.6418259196921673
UNSW,39,label_affinity,topn,0.5851431073894134
UNSW,39,label_affinity,random_n,0.7334893757922929
UNSW,40,label_affinity,topn,0.551369650394809
UNSW,40,label_affinity,random_n,0.5853556671694936
UNSW,41,label_affinity,topn,0.6445221818998227
UNSW,41,label_affinity,random_n,0.7344458108866417
UNSW,42,label_affinity,topn,0.6264537788410119
UNSW,42,label_affinity,random_n,0.5238712332051546
UNSW,43,label_affinity,topn,0.5956847940462681
UNSW,43,label_affinity,random_n,0.4951120903229069
UNSW,44,label_affinity,topn,0.7019972840814569
UNSW,44,label_affinity,random_n,0.5660855223794721
UNSW,45,label_affinity,topn,0.6047364975720901
UNSW,45,label_affinity,random_n,0.5857827554819751
UNSW,46,label_affinity,topn,0.49082608350894996
UNSW,46,label_affinity,random_n,0.7353112280841546
UNSW,47,label_affinity,topn,0.5422164473988814
UNSW,47,label_affinity,random_n,0.6657360291753021
UNSW,48,label_affinity,topn,0.5831984385908074
UNSW,48,label_affinity,random_n,0.5816165724527292
UNSW,49,label_affinity,topn,0.498929492968037
UNSW,49,label_affinity,random_n,0.6224185008142086
UNSW,0,random,topn,0.7009614951186255
UNSW,0,random,random_n,0.5904138827783436
UNSW,1,random,topn,0.5849186086790912
UNSW,1,random,random_n,0.6115579053776162
UNSW,2,random,topn,0.560944499900354
UNSW,2,random,random_n,0.6649766957482388
UNSW,3,random,topn,0.6492435720132699
UNSW,3,random,random_n,0.6291346072161097
UNSW,4,random,topn,0.6470993528512455
UNSW,4,random,random_n,0.4444565602576212
UNSW,5,random,topn,0.5817047975489408
UNSW,5,random,random_n,0.5829533247533835
UNSW,6,random,topn,0.5877312156049752
UNSW,6,random,random_n,0.5303910822747157
UNSW,7,random,topn,0.646850010773297
UNSW,7,random,random_n,0.6213261650419564
UNSW,8,random,topn,0.7381821477371894
UNSW,8,random,random_n,0.6217835883057465
UNSW,9,random,topn,0.506530489682265
UNSW,9,random,random_n,0.7304366213978666
UNSW,10,random,topn,0.6609541394075878
UNSW,10,random,random_n,0.6122039307992089
UNSW,11,random,topn,0.5954476460280764
UNSW,11,random,random_n,0.4759209659969667
UNSW,12,random,topn,0.5754282750762827
UNSW,12,random,random_n,0.7513060693637174
UNSW,13,random,topn,0.541332179352162
UNSW,13,random,random_n,0.5080482771620711
UNSW,14,random,topn,0.5167534125319856
UNSW,14,random,random_n,0.49701129602078825
UNSW,15,random,topn,0.5140580698650242
UNSW,15,random,random_n,0.5163625072587533
UNSW,16,random,topn,0.6014135208051862
UNSW,16,random,random_n,0.67642162298969
UNSW,17,random,topn,0.6220825841377909
UNSW,17,random,random_n,0.5544095776145049
UNSW,18,random,topn,0.5687640175625434
UNSW,18,random,random_n,0.6069832276244894
UNSW,19,random,topn,0.6688410007237402
UNSW,19,random,random_n,0.6264749356227483
UNSW,20,random,topn,0.4934296321504772
UNSW,20,random,random_n,0.6682508194842476
UNSW,21,random,topn,0.4701380304072815
UNSW,21,random,random_n,0.6211363182067786
UNSW,22,random,topn,0.6124170085634929
UNSW,22,random,random_n,0.572656152675379
UNSW,23,random,topn,0.6009083604578821
UNSW,23,random,random_n,0.5825163033576023
UNSW,24,random,topn,0.5151647876579555
UNSW,24,random,random_n,0.5236661272846732
UNSW,25,random,topn,0.5919196643621709
UNSW,25,random,random_n,0.5339190639406212
UNSW,26,random,topn,0.6430754041576304
UNSW,26,random,random_n,0.518957559103999
UNSW,27,random,topn,0.6442850338816312
UNSW,27,random,random_n,0.5059087488834478
UNSW,28,random,topn,0.5550877799575833
UNSW,28,random,random_n,0.5593824596413413
UNSW,29,random,topn,0.44187712015412123
UNSW,29,random,random_n,0.6352508518276458
UNSW,30,random,topn,0.5777453928754922
UNSW,30,random,random_n,0.510314719737732
UNSW,31,random,topn,0.5607544869798909
UNSW,31,random,random_n,0.513704147393831
UNSW,32,random,topn,0.5437689564676722
UNSW,32,random,random_n,0.7590870341450614
UNSW,33,random,topn,0.5170304315569297
UNSW,33,random,random_n,0.5546049867858129
UNSW,34,random,topn,0.4825353070388608
UNSW,34,random,random_n,0.5336659181349674
UNSW,35,random,topn,0.4390333164762447
UNSW,35,random,random_n,0.5202257980826058
UNSW,36,random,topn,0.6283222091952947
UNSW,36,random,random_n,0.6496591562024567
UNSW,37,random,topn,0.5590304374186107
UNSW,37,random,random_n,0.6014135208051862
UNSW,38,random,topn,0.6111162754442986
UNSW,38,random,random_n,0.47890758517369775
UNSW,39,random,topn,0.5560813645307207
UNSW,39,random,random_n,0.6450796132208474
UNSW,40,random,topn,0.6559303321554428
UNSW,40,random,random_n,0.6169666433385331
UNSW,41,random,topn,0.5783026060118549
UNSW,41,random,random_n,0.6367199708522352
UNSW,42,random,topn,0.5014976260949738
UNSW,42,random,random_n,0.5343610507372528
UNSW,43,random,topn,0.49410020724495873
UNSW,43,random,random_n,0.6427510063538762
UNSW,44,random,topn,0.5888119503003328
UNSW,44,random,random_n,0.5940429209555557
UNSW,45,random,topn,0.6042939766505432
UNSW,45,random,random_n,0.5762246534974768
UNSW,46,random,topn,0.6072575157617147
UNSW,46,random,random_n,0.6090337824460601
UNSW,47,random,topn,0.5110557199199292
UNSW,47,random,random_n,0.5838252010284605
UNSW,48,random,topn,0.6261919164327968
UNSW,48,random,random_n,0.7104078181232015
UNSW,49,random,topn,0.5284323839839046
UNSW,49,random,random_n,0.6185790318998666
UNSW,0,label_affinity,topn,0.657592624462489
UNSW,0,label_affinity,random_n,0.48658028658433716
UNSW,1,label_affinity,topn,0.6085070002271779
UNSW,1,label_affinity,random_n,0.5254984445927849
UNSW,2,label_affinity,topn,0.6818115281826153
UNSW,2,label_affinity,random_n,0.5290323708914121
UNSW,3,label_affinity,topn,0.5747437287067941
UNSW,3,label_affinity,random_n,0.6426612891073341
UNSW,4,label_affinity,topn,0.6283134843038053
UNSW,4,label_affinity,random_n,0.641324641132941
UNSW,5,label_affinity,topn,0.6229047463428884
UNSW,5,label_affinity,random_n,0.5575933547921958
UNSW,6,label_affinity,topn,0.472101289975247
UNSW,6,label_affinity,random_n,0.6061628627930253
UNSW,7,label_affinity,topn,0.5776163909874573
UNSW,7,label_affinity,random_n,0.5773220656734874
UNSW,8,label_affinity,topn,0.47395239673929046
UNSW,8,label_affinity,random_n,0.5738368115170779
UNSW,9,label_affinity,topn,0.5831984385908074
UNSW,9,label_affinity,random_n,0.6185790318998666
UNSW,10,label_affinity,topn,0.436787229289402
UNSW,10,label_affinity,random_n,0.5047175844308284
UNSW,11,label_affinity,topn,0.5504418350768437
UNSW,11,label_affinity,random_n,0.5219624491489961
UNSW,12,label_affinity,topn,0.4784937899127757
UNSW,12,label_affinity,random_n,0.531712623263351
UNSW,13,label_affinity,topn,0.6573443880807325
UNSW,13,label_affinity,random_n,0.5036019646301267
UNSW,14,label_affinity,topn,0.6659385408249207
UNSW,14,label_affinity,random_n,0.6450501302214181
UNSW,15,label_affinity,topn,0.6669730392142199
UNSW,15,label_affinity,random_n,0.5678419925078594
UNSW,16,label_affinity,topn,0.6573443880807325
UNSW,16,label_affinity,random_n,0.6004108926235053
UNSW,17,label_affinity,topn,0.5831984385908074
UNSW,17,label_affinity,random_n,0.628876653617862
UNSW,18,label_affinity,topn,0.6744578436280465
UNSW,18,label_affinity,random_n,0.5496453681761241
UNSW,19,label_affinity,topn,0.6573443880807325
UNSW,19,label_affinity,random_n,0.6300149469499495
UNSW,20,label_affinity,topn,0.624383177345307
UNSW,20,label_affinity,random_n,0.5944578601743832
UNSW,21,label_affinity,topn,0.46858828466075164
UNSW,21,label_affinity,random_n,0.5490229490696362
UNSW,22,label_affinity,topn,0.5492375739211318
UNSW,22,label_affinity,random_n,0.5224631362724071
UNSW,23,label_affinity,topn,0.4140402579209829
UNSW,23,label_affinity,random_n,0.7067097180697178
UNSW,24,label_affinity,topn,0.5873643807523917
UNSW,24,label_affinity,random_n,0.6118939264468527
UNSW,25,label_affinity,topn,0.7229090370496175
UNSW,25,label_affinity,random_n,0.7227941941917758
UNSW,26,label_affinity,topn,0.556397612222503
UNSW,26,label_affinity,random_n,0.6111942428693187
UNSW,27,label_affinity,topn,0.6264837148026342
UNSW,27,label_affinity,random_n,0.5137361155887208
UNSW,28,label_affinity,topn,0.6033240299613779
UNSW,28,label_affinity,random_n,0.5876182179286514
UNSW,29,label_affinity,topn,0.6085070002271779
UNSW,29,label_affinity,random_n,0.5150743006045039
UNSW,30,label_affinity,topn,0.5504418350768436
UNSW,30,label_affinity,random_n,0.6393049015025428
UNSW,31,label_affinity,topn,0.4785521364109418
UNSW,31,label_affinity,random_n,0.5817843826655178
UNSW,32,label_affinity,topn,0.5670986467013969
UNSW,32,label_affinity,random_n,0.6663930911881729
UNSW,33,label_affinity,topn,0.4701380304072815
UNSW,33,label_affinity,random_n,0.6483259864260312
UNSW,34,label_affinity,topn,0.6069744724907523
UNSW,34,label_affinity,random_n,0.6708761060738326
UNSW,35,label_affinity,topn,0.5178044796356315
UNSW,35,label_affinity,random_n,0.710920685578298
UNSW,36,label_affinity,topn,0.650381663697459
UNSW,36,label_affinity,random_n,0.5783697238057077
UNSW,37,label_affinity,topn,0.5237224605274188
UNSW,37,label_affinity,random_n,0.4902645999091167
UNSW,38,label_affinity,topn,0.5732006478995161
UNSW,38,label_affinity,random_n,0.6295786699267092
UNSW,39,label_affinity,topn,0.5851431073894134
UNSW,39,label_affinity,random_n,0.5526437233176827
UNSW,40,label_affinity,topn,0.551369650394809
UNSW,40,label_affinity,random_n,0.520418955248232
UNSW,41,label_affinity,topn,0.6445221818998227
UNSW,41,label_affinity,random_n,0.585222224092017
UNSW,42,label_affinity,topn,0.6264537788410119
UNSW,42,label_affinity,random_n,0.7168222529572369
UNSW,43,label_affinity,topn,0.5956847940462681
UNSW,43,label_affinity,random_n,0.5862446617044818
UNSW,44,label_affinity,topn,0.7019972840814569
UNSW,44,label_affinity,random_n,0.5688877523064257
UNSW,45,label_affinity,topn,0.6047364975720901
UNSW,45,label_affinity,random_n,0.5327300763607884
UNSW,46,label_affinity,topn,0.49082608350894996
UNSW,46,label_affinity,random_n,0.6972148424877966
UNSW,47,label_affinity,topn,0.5422164473988814
UNSW,47,label_affinity,random_n,0.586966599713728
UNSW,48,label_affinity,topn,0.5831984385908074
UNSW,48,label_affinity,random_n,0.5453583632601696
UNSW,49,label_affinity,topn,0.498929492968037
UNSW,49,label_affinity,random_n,0.5284516012567955
UNSW,0,random,topn,0.7009614951186255
UNSW,0,random,random_n,0.5413068840008425
UNSW,1,random,topn,0.5849186086790912
UNSW,1,random,random_n,0.7069840333533292
UNSW,2,random,topn,0.560944499900354
UNSW,2,random,random_n,0.6098154561821648
UNSW,3,random,topn,0.6492435720132699
UNSW,3,random,random_n,0.5675783819838821
UNSW,4,random,topn,0.6470993528512455
UNSW,4,random,random_n,0.563282752987906
UNSW,5,random,topn,0.5817047975489408
UNSW,5,random,random_n,0.6751603696047926
UNSW,6,random,topn,0.5877312156049752
UNSW,6,random,random_n,0.7026292438729903
UNSW,7,random,topn,0.646850010773297
UNSW,7,random,random_n,0.5957959680448488
UNSW,8,random,topn,0.7381821477371894
UNSW,8,random,random_n,0.6641607315779501
UNSW,9,random,topn,0.506530489682265
UNSW,9,random,random_n,0.5366485055443045
UNSW,10,random,topn,0.6609541394075878
UNSW,10,random,random_n,0.5059874364503333
UNSW,11,random,topn,0.5954476460280764
UNSW,11,random,random_n,0.5959811144086314
UNSW,12,random,topn,0.5754282750762827
UNSW,12,random,random_n,0.6254935514446108
UNSW,13,random,topn,0.541332179352162
UNSW,13,random,random_n,0.38401140234050996
UNSW,14,random,topn,0.5167534125319856
UNSW,14,random,random_n,0.4786195073361463
UNSW,15,random,topn,0.5140580698650242
UNSW,15,random,random_n,0.5393582336376166
UNSW,16,random,topn,0.6014135208051862
UNSW,16,random,random_n,0.5758214494145028
UNSW,17,random,topn,0.6220825841377909
UNSW,17,random,random_n,0.639547422491725
UNSW,18,random,topn,0.5687640175625434
UNSW,18,random,random_n,0.6129881687713964
UNSW,19,random,topn,0.6688410007237402
UNSW,19,random,random_n,0.5327159210170889
UNSW,20,random,topn,0.4934296321504772
UNSW,20,random,random_n,0.4464185133276064
UNSW,21,random,topn,0.4701380304072815
UNSW,21,random,random_n,0.5367254814837746
UNSW,22,random,topn,0.6124170085634929
UNSW,22,random,random_n,0.5567406582029355
UNSW,23,random,topn,0.6009083604578821
UNSW,23,random,random_n,0.42414411820813314
UNSW,24,random,topn,0.5151647876579555
UNSW,24,random,random_n,0.5312924671705566
UNSW,25,random,topn,0.5919196643621709
UNSW,25,random,random_n,0.5620610359899879
UNSW,26,random,topn,0.6430754041576304
UNSW,26,random,random_n,0.6173990881109003
UNSW,27,random,topn,0.6442850338816312
UNSW,27,random,random_n,0.5051449682668857
UNSW,28,random,topn,0.5550877799575833
UNSW,28,random,random_n,0.4701727705877303
UNSW,29,random,topn,0.44187712015412123
UNSW,29,random,random_n,0.5948225135513773
UNSW,30,random,topn,0.5777453928754922
UNSW,30,random,random_n,0.5945788409404583
UNSW,31,random,topn,0.5607544869798909
UNSW,31,random,random_n,0.623987864184195
UNSW,32,random,topn,0.5437689564676722
UNSW,32,random,random_n,0.5913149462110975
UNSW,33,random,topn,0.5170304315569297
UNSW,33,random,random_n,0.6042065020865935
UNSW,34,random,topn,0.4825353070388608
UNSW,34,random,random_n,0.5275421365491385
UNSW,35,random,topn,0.4390333164762447
UNSW,35,random,random_n,0.5272675713152611
UNSW,36,random,topn,0.6283222091952947
UNSW,36,random,random_n,0.5984332988113968
UNSW,37,random,topn,0.5590304374186107
UNSW,37,random,random_n,0.4877123024637135
UNSW,38,random,topn,0.6111162754442986
UNSW,38,random,random_n,0.5039006437289596
UNSW,39,random,topn,0.5560813645307207
UNSW,39,random,random_n,0.6153477526362082
UNSW,40,random,topn,0.6559303321554428
UNSW,40,random,random_n,0.5494560956865538
UNSW,41,random,topn,0.5783026060118549
UNSW,41,random,random_n,0.5966750934846078
UNSW,42,random,topn,0.5014976260949738
UNSW,42,random,random_n,0.6451704157152642
UNSW,43,random,topn,0.49410020724495873
UNSW,43,random,random_n,0.6095386795206633
UNSW,44,random,topn,0.5888119503003328
UNSW,44,random,random_n,0.5614094563668109
UNSW,45,random,topn,0.6042939766505432
UNSW,45,random,random_n,0.5842032339390698
UNSW,46,random,topn,0.6072575157617147
UNSW,46,random,random_n,0.6239877698607835
UNSW,47,random,topn,0.5110557199199292
UNSW,47,random,random_n,0.5815776096333273
UNSW,48,random,topn,0.6261919164327968
UNSW,48,random,random_n,0.5509428213124087
UNSW,49,random,topn,0.5284323839839046
UNSW,49,random,random_n,0.616024266223168
UNSW,0,label_affinity,topn,0.657592624462489
UNSW,0,label_affinity,random_n,0.4914977047029108
UNSW,1,label_affinity,topn,0.6085070002271779
UNSW,1,label_affinity,random_n,0.573467600250162
UNSW,2,label_affinity,topn,0.6818115281826153
UNSW,2,label_affinity,random_n,0.6134213759384126
UNSW,3,label_affinity,topn,0.5747437287067941
UNSW,3,label_affinity,random_n,0.6308160881843582
UNSW,4,label_affinity,topn,0.6283134843038053
UNSW,4,label_affinity,random_n,0.546727551741864
UNSW,5,label_affinity,topn,0.6229047463428884
UNSW,5,label_affinity,random_n,0.5922433147310039
UNSW,6,label_affinity,topn,0.472101289975247
UNSW,6,label_affinity,random_n,0.6694665224908262
UNSW,7,label_affinity,topn,0.5776163909874573
UNSW,7,label_affinity,random_n,0.5853969653193102
UNSW,8,label_affinity,topn,0.47395239673929046
UNSW,8,label_affinity,random_n,0.5512282263710232
UNSW,9,label_affinity,topn,0.5831984385908074
UNSW,9,label_affinity,random_n,0.5157114981516063
UNSW,10,label_affinity,topn,0.436787229289402
UNSW,10,label_affinity,random_n,0.6428404503066111
UNSW,11,label_affinity,topn,0.5504418350768437
UNSW,11,label_affinity,random_n,0.6224308320508699
UNSW,12,label_affinity,topn,0.4784937899127757
UNSW,12,label_affinity,random_n,0.6253894273250618
UNSW,13,label_affinity,topn,0.6573443880807325
UNSW,13,label_affinity,random_n,0.48016421394065256
UNSW,14,label_affinity,topn,0.6659385408249207
UNSW,14,label_affinity,random_n,0.503906129621086
UNSW,15,label_affinity,topn,0.6669730392142199
UNSW,15,label_affinity,random_n,0.5456379071967327
UNSW,16,label_affinity,topn,0.6573443880807325
UNSW,16,label_affinity,random_n,0.4755134523872601
UNSW,17,label_affinity,topn,0.5831984385908074
UNSW,17,label_affinity,random_n,0.5039837126884096
UNSW,18,label_affinity,topn,0.6744578436280465
UNSW,18,label_affinity,random_n,0.6173990881109004
UNSW,19,label_affinity,topn,0.6573443880807325
UNSW,19,label_affinity,random_n,0.4238347451432703
UNSW,20,label_affinity,topn,0.624383177345307
UNSW,20,label_affinity,random_n,0.572950529761468
UNSW,21,label_affinity,topn,0.46858828466075164
UNSW,21,label_affinity,random_n,0.5678419925078594
UNSW,22,label_affinity,topn,0.5492375739211318
UNSW,22,label_affinity,random_n,0.6264537788410119
UNSW,23,label_affinity,topn,0.4140402579209829
UNSW,23,label_affinity,random_n,0.6740168460386817
UNSW,24,label_affinity,topn,0.5873643807523917
UNSW,24,label_affinity,random_n,0.5870077564141342
UNSW,25,label_affinity,topn,0.7229090370496175
UNSW,25,label_affinity,random_n,0.5580841946197229
UNSW,26,label_affinity,topn,0.556397612222503
UNSW,26,label_affinity,random_n,0.6333941281033116
UNSW,27,label_affinity,topn,0.6264837148026342
UNSW,27,label_affinity,random_n,0.578397144639002
UNSW,28,label_affinity,topn,0.6033240299613779
UNSW,28,label_affinity,random_n,0.5096907834192158
UNSW,29,label_affinity,topn,0.6085070002271779
UNSW,29,label_affinity,random_n,0.6250887708023338
UNSW,30,label_affinity,topn,0.5504418350768436
UNSW,30,label_affinity,random_n,0.5746145334670062
UNSW,31,label_affinity,topn,0.4785521364109418
UNSW,31,label_affinity,random_n,0.5977808363425586
UNSW,32,label_affinity,topn,0.5670986467013969
UNSW,32,label_affinity,random_n,0.5995360525895598
UNSW,33,label_affinity,topn,0.4701380304072815
UNSW,33,label_affinity,random_n,0.6054087895444077
UNSW,34,label_affinity,topn,0.6069744724907523
UNSW,34,label_affinity,random_n,0.572770055892576
UNSW,35,label_affinity,topn,0.5178044796356315
UNSW,35,label_affinity,random_n,0.5537974932735653
UNSW,36,label_affinity,topn,0.650381663697459
UNSW,36,label_affinity,random_n,0.6333941281033116
UNSW,37,label_affinity,topn,0.5237224605274188
UNSW,37,label_affinity,random_n,0.6240057956722395
UNSW,38,label_affinity,topn,0.5732006478995161
UNSW,38,label_affinity,random_n,0.6826497067048677
UNSW,39,label_affinity,topn,0.5851431073894134
UNSW,39,label_affinity,random_n,0.6022694982643749
UNSW,40,label_affinity,topn,0.551369650394809
UNSW,40,label_affinity,random_n,0.5114312520152863
UNSW,41,label_affinity,topn,0.6445221818998227
UNSW,41,label_affinity,random_n,0.5613583183557317
UNSW,42,label_affinity,topn,0.6264537788410119
UNSW,42,label_affinity,random_n,0.649183550349512
UNSW,43,label_affinity,topn,0.5956847940462681
UNSW,43,label_affinity,random_n,0.7206706264542958
UNSW,44,label_affinity,topn,0.7019972840814569
UNSW,44,label_affinity,random_n,0.6592428379686203
UNSW,45,label_affinity,topn,0.6047364975720901
UNSW,45,label_affinity,random_n,0.6632996897363714
UNSW,46,label_affinity,topn,0.49082608350894996
UNSW,46,label_affinity,random_n,0.5822793652413478
UNSW,47,label_affinity,topn,0.5422164473988814
UNSW,47,label_affinity,random_n,0.5764885309669708
UNSW,48,label_affinity,topn,0.5831984385908074
UNSW,48,label_affinity,random_n,0.45967388910682483
UNSW,49,label_affinity,topn,0.498929492968037
UNSW,49,label_affinity,random_n,0.6585426103933042
UNSW,0,random,topn,0.7009614951186255
UNSW,0,random,random_n,0.4867097962212852
UNSW,1,random,topn,0.5849186086790912
UNSW,1,random,random_n,0.6700726717761092
UNSW,2,random,topn,0.560944499900354
UNSW,2,random,random_n,0.5783697238057077
UNSW,3,random,topn,0.6492435720132699
UNSW,3,random,random_n,0.6163407242176214
UNSW,4,random,topn,0.6470993528512455
UNSW,4,random,random_n,0.5087440686007013
UNSW,5,random,topn,0.5817047975489408
UNSW,5,random,random_n,0.5015526891942735
UNSW,6,random,topn,0.5877312156049752
UNSW,6,random,random_n,0.5203376171313027
UNSW,7,random,topn,0.646850010773297
UNSW,7,random,random_n,0.638675194537684
UNSW,8,random,topn,0.7381821477371894
UNSW,8,random,random_n,0.5743196068134915
UNSW,9,random,topn,0.506530489682265
UNSW,9,random,random_n,0.568718274533314
UNSW,10,random,topn,0.6609541394075878
UNSW,10,random,random_n,0.6640875067879604
UNSW,11,random,topn,0.5954476460280764
UNSW,11,random,random_n,0.6988644677982814
UNSW,12,random,topn,0.5754282750762827
UNSW,12,random,random_n,0.6252567570358075
UNSW,13,random,topn,0.541332179352162
UNSW,13,random,random_n,0.6856979943475108
UNSW,14,random,topn,0.5167534125319856
UNSW,14,random,random_n,0.4014017980711386
UNSW,15,random,topn,0.5140580698650242
UNSW,15,random,random_n,0.620282070049857
UNSW,16,random,topn,0.6014135208051862
UNSW,16,random,random_n,0.5523391702058779
UNSW,17,random,topn,0.6220825841377909
UNSW,17,random,random_n,0.454432837839954
UNSW,18,random,topn,0.5687640175625434
UNSW,18,random,random_n,0.6385502068042613
UNSW,19,random,topn,0.6688410007237402
UNSW,19,random,random_n,0.5968447414166979
UNSW,20,random,topn,0.4934296321504772
UNSW,20,random,random_n,0.7176359177877077
UNSW,21,random,topn,0.4701380304072815
UNSW,21,random,random_n,0.5531972186349937
UNSW,22,random,topn,0.6124170085634929
UNSW,22,random,random_n,0.5956480515338959
UNSW,23,random,topn,0.6009083604578821
UNSW,23,random,random_n,0.48020697281092356
UNSW,24,random,topn,0.5151647876579555
UNSW,24,random,random_n,0.5417787794682288
UNSW,25,random,topn,0.5919196643621709
UNSW,25,random,random_n,0.572023016675142
UNSW,26,random,topn,0.6430754041576304
UNSW,26,random,random_n,0.5372180130258571
UNSW,27,random,topn,0.6442850338816312
UNSW,27,random,random_n,0.4703114098454088
UNSW,28,random,topn,0.5550877799575833
UNSW,28,random,random_n,0.6566873301991472
UNSW,29,random,topn,0.44187712015412123
UNSW,29,random,random_n,0.6061628627930253
UNSW,30,random,topn,0.5777453928754922
UNSW,30,random,random_n,0.6258988807087312
UNSW,31,random,topn,0.5607544869798909
UNSW,31,random,random_n,0.6388554129538148
UNSW,32,random,topn,0.5437689564676722
UNSW,32,random,random_n,0.5957871060381014
UNSW,33,random,topn,0.5170304315569297
UNSW,33,random,random_n,0.5473445094605824
UNSW,34,random,topn,0.4825353070388608
UNSW,34,random,random_n,0.5572716125960477
UNSW,35,random,topn,0.4390333164762447
UNSW,35,random,random_n,0.6195043127500947
UNSW,36,random,topn,0.6283222091952947
UNSW,36,random,random_n,0.5578443203318731
UNSW,37,random,topn,0.5590304374186107
UNSW,37,random,random_n,0.600328320679686
UNSW,38,random,topn,0.6111162754442986
UNSW,38,random,random_n,0.576625838938866
UNSW,39,random,topn,0.5560813645307207
UNSW,39,random,random_n,0.5501024437457619
UNSW,40,random,topn,0.6559303321554428
UNSW,40,random,random_n,0.5607012916671087
UNSW,41,random,topn,0.5783026060118549
UNSW,41,random,random_n,0.4654175731275685
UNSW,42,random,topn,0.5014976260949738
UNSW,42,random,random_n,0.5960327614694095
UNSW,43,random,topn,0.49410020724495873
UNSW,43,random,random_n,0.5371758517125668
UNSW,44,random,topn,0.5888119503003328
UNSW,44,random,random_n,0.6076016899667015
UNSW,45,random,topn,0.6042939766505432
UNSW,45,random,random_n,0.5102311851904716
UNSW,46,random,topn,0.6072575157617147
UNSW,46,random,random_n,0.49701129602078825
UNSW,47,random,topn,0.5110557199199292
UNSW,47,random,random_n,0.5904578821107515
UNSW,48,random,topn,0.6261919164327968
UNSW,48,random,random_n,0.6163407242176214
UNSW,49,random,topn,0.5284323839839046
UNSW,49,random,random_n,0.6881392889377157
UNSW,0,label_affinity,topn,0.657592624462489
UNSW,0,label_affinity,random_n,0.490255769998774
UNSW,1,label_affinity,topn,0.6085070002271779
UNSW,1,label_affinity,random_n,0.6111406119986741
UNSW,2,label_affinity,topn,0.6818115281826153
UNSW,2,label_affinity,random_n,0.6082426351571487
UNSW,3,label_affinity,topn,0.5747437287067941
UNSW,3,label_affinity,random_n,0.633745828573537
UNSW,4,label_affinity,topn,0.6283134843038053
UNSW,4,label_affinity,random_n,0.586966599713728
UNSW,5,label_affinity,topn,0.6229047463428884
UNSW,5,label_affinity,random_n,0.5920222341634771
UNSW,6,label_affinity,topn,0.472101289975247
UNSW,6,label_affinity,random_n,0.4272222502483092
UNSW,7,label_affinity,topn,0.5776163909874573
UNSW,7,label_affinity,random_n,0.5728259710841798
UNSW,8,label_affinity,topn,0.47395239673929046
UNSW,8,label_affinity,random_n,0.45325055077006754
UNSW,9,label_affinity,topn,0.5831984385908074
UNSW,9,label_affinity,random_n,0.5414515446842891
UNSW,10,label_affinity,topn,0.436787229289402
UNSW,10,label_affinity,random_n,0.5125730292513406
UNSW,11,label_affinity,topn,0.5504418350768437
UNSW,11,label_affinity,random_n,0.5878347614951462
UNSW,12,label_affinity,topn,0.4784937899127757
UNSW,12,label_affinity,random_n,0.5197734383389948
UNSW,13,label_affinity,topn,0.6573443880807325
UNSW,13,label_affinity,random_n,0.690159028568114
UNSW,14,label_affinity,topn,0.6659385408249207
UNSW,14,label_affinity,random_n,0.6573443880807325
UNSW,15,label_affinity,topn,0.6669730392142199
UNSW,15,label_affinity,random_n,0.4516377647456908
UNSW,16,label_affinity,topn,0.6573443880807325
UNSW,16,label_affinity,random_n,0.5954233651205133
UNSW,17,label_affinity,topn,0.5831984385908074
UNSW,17,label_affinity,random_n,0.5379203732579491
UNSW,18,label_affinity,topn,0.6744578436280465
UNSW,18,label_affinity,random_n,0.6407060654218854
UNSW,19,label_affinity,topn,0.6573443880807325
UNSW,19,label_affinity,random_n,0.6238977646713254
UNSW,20,label_affinity,topn,0.624383177345307
UNSW,20,label_affinity,random_n,0.6709312030008939
UNSW,21,label_affinity,topn,0.46858828466075164
UNSW,21,label_affinity,random_n,0.6079400893240706
UNSW,22,label_affinity,topn,0.5492375739211318
UNSW,22,label_affinity,random_n,0.6383989083647321
UNSW,23,label_affinity,topn,0.4140402579209829
UNSW,23,label_affinity,random_n,0.6548353606845106
UNSW,24,label_affinity,topn,0.5873643807523917
UNSW,24,label_affinity,random_n,0.6597064408393288
UNSW,25,label_affinity,topn,0.7229090370496175
UNSW,25,label_affinity,random_n,0.5117305506188695
UNSW,26,label_affinity,topn,0.556397612222503
UNSW,26,label_affinity,random_n,0.5231684301451879
UNSW,27,label_affinity,topn,0.6264837148026342
UNSW,27,label_affinity,random_n,0.5526393630930343
UNSW,28,label_affinity,topn,0.6033240299613779
UNSW,28,label_affinity,random_n,0.5268255845186295
UNSW,29,label_affinity,topn,0.6085070002271779
UNSW,29,label_affinity,random_n,0.559215668500601
UNSW,30,label_affinity,topn,0.5504418350768436
UNSW,30,label_affinity,random_n,0.6184530750745902
UNSW,31,label_affinity,topn,0.4785521364109418
UNSW,31,label_affinity,random_n,0.544096925365217
UNSW,32,label_affinity,topn,0.5670986467013969
UNSW,32,label_affinity,random_n,0.5464880895485266
UNSW,33,label_affinity,topn,0.4701380304072815
UNSW,33,label_affinity,random_n,0.6357232889659928
UNSW,34,label_affinity,topn,0.6069744724907523
UNSW,34,label_affinity,random_n,0.576107679980384
UNSW,35,label_affinity,topn,0.5178044796356315
UNSW,35,label_affinity,random_n,0.5558671518717833
UNSW,36,label_affinity,topn,0.650381663697459
UNSW,36,label_affinity,random_n,0.6087397526009267
UNSW,37,label_affinity,topn,0.5237224605274188
UNSW,37,label_affinity,random_n,0.5518609976504942
UNSW,38,label_affinity,topn,0.5732006478995161
UNSW,38,label_affinity,random_n,0.570139084391706
UNSW,39,label_affinity,topn,0.5851431073894134
UNSW,39,label_affinity,random_n,0.6064547567498573
UNSW,40,label_affinity,topn,0.551369650394809
UNSW,40,label_affinity,random_n,0.7227941941917758
UNSW,41,label_affinity,topn,0.6445221818998227
UNSW,41,label_affinity,random_n,0.575307071235179
UNSW,42,label_affinity,topn,0.6264537788410119
UNSW,42,label_affinity,random_n,0.5677226021845437
UNSW,43,label_affinity,topn,0.5956847940462681
UNSW,43,label_affinity,random_n,0.6125350941828028
UNSW,44,label_affinity,topn,0.7019972840814569
UNSW,44,label_affinity,random_n,0.5031795730264751
UNSW,45,label_affinity,topn,0.6047364975720901
UNSW,45,label_affinity,random_n,0.7102886865294634
UNSW,46,label_affinity,topn,0.49082608350894996
UNSW,46,label_affinity,random_n,0.6910067988733744
UNSW,47,label_affinity,topn,0.5422164473988814
UNSW,47,label_affinity,random_n,0.590971294310561
UNSW,48,label_affinity,topn,0.5831984385908074
UNSW,48,label_affinity,random_n,0.6252051166785503
UNSW,49,label_affinity,topn,0.498929492968037
UNSW,49,label_affinity,random_n,0.5907278725415016
UNSW,0,random,topn,0.7009614951186255
UNSW,0,random,random_n,0.6939325316415833
UNSW,1,random,topn,0.5849186086790912
UNSW,1,random,random_n,0.5919074788539761
UNSW,2,random,topn,0.560944499900354
UNSW,2,random,random_n,0.6734778183620689
UNSW,3,random,topn,0.6492435720132699
UNSW,3,random,random_n,0.5072586611653076
UNSW,4,random,topn,0.6470993528512455
UNSW,4,random,random_n,0.5429304384751646
UNSW,5,random,topn,0.5817047975489408
UNSW,5,random,random_n,0.5816412868427528
UNSW,6,random,topn,0.5877312156049752
UNSW,6,random,random_n,0.5626172139082775
UNSW,7,random,topn,0.646850010773297
UNSW,7,random,random_n,0.6783858439605956
UNSW,8,random,topn,0.7381821477371894
UNSW,8,random,random_n,0.6031291761241309
UNSW,9,random,topn,0.506530489682265
UNSW,9,random,random_n,0.590590871970464
UNSW,10,random,topn,0.6609541394075878
UNSW,10,random,random_n,0.5298593694076147
UNSW,11,random,topn,0.5954476460280764
UNSW,11,random,random_n,0.42175086947258866
UNSW,12,random,topn,0.5754282750762827
UNSW,12,random,random_n,0.5990347812825125
UNSW,13,random,topn,0.541332179352162
UNSW,13,random,random_n,0.6748274389482086
UNSW,14,random,topn,0.5167534125319856
UNSW,14,random,random_n,0.6340278045923872
UNSW,15,random,topn,0.5140580698650242
UNSW,15,random,random_n,0.6351371126573362
UNSW,16,random,topn,0.6014135208051862
UNSW,16,random,random_n,0.6378372147066086
UNSW,17,random,topn,0.6220825841377909
UNSW,17,random,random_n,0.45181009130828115
UNSW,18,random,topn,0.5687640175625434
UNSW,18,random,random_n,0.5443383660167048
UNSW,19,random,topn,0.6688410007237402
UNSW,19,random,random_n,0.6424080055342438
UNSW,20,random,topn,0.4934296321504772
UNSW,20,random,random_n,0.7223384778307822
UNSW,21,random,topn,0.4701380304072815
UNSW,21,random,random_n,0.6543271508285047
UNSW,22,random,topn,0.6124170085634929
UNSW,22,random,random_n,0.677031585520222
UNSW,23,random,topn,0.6009083604578821
UNSW,23,random,random_n,0.43064388021723893
UNSW,24,random,topn,0.5151647876579555
UNSW,24,random,random_n,0.49613426995179327
UNSW,25,random,topn,0.5919196643621709
UNSW,25,random,random_n,0.4279954527433371
UNSW,26,random,topn,0.6430754041576304
UNSW,26,random,random_n,0.5633646141318219
UNSW,27,random,topn,0.6442850338816312
UNSW,27,random,random_n,0.4907329090162647
UNSW,28,random,topn,0.5550877799575833
UNSW,28,random,random_n,0.6129675389551702
UNSW,29,random,topn,0.44187712015412123
UNSW,29,random,random_n,0.4337067858173131
UNSW,30,random,topn,0.5777453928754922
UNSW,30,random,random_n,0.6287568933244626
UNSW,31,random,topn,0.5607544869798909
UNSW,31,random,random_n,0.5904683732666425
UNSW,32,random,topn,0.5437689564676722
UNSW,32,random,random_n,0.6238977646713255
UNSW,33,random,topn,0.5170304315569297
UNSW,33,random,random_n,0.5018784880492154
UNSW,34,random,topn,0.4825353070388608
UNSW,34,random,random_n,0.5445755140348965
UNSW,35,random,topn,0.4390333164762447
UNSW,35,random,random_n,0.5718526435995205
UNSW,36,random,topn,0.6283222091952947
UNSW,36,random,random_n,0.4730248949108781
UNSW,37,random,topn,0.5590304374186107
UNSW,37,random,random_n,0.6724199691834859
UNSW,38,random,topn,0.6111162754442986
UNSW,38,random,random_n,0.47100635438757843
UNSW,39,random,topn,0.5560813645307207
UNSW,39,random,random_n,0.5554854022813241
UNSW,40,random,topn,0.6559303321554428
UNSW,40,random,random_n,0.6000168319829592
UNSW,41,random,topn,0.5783026060118549
UNSW,41,random,random_n,0.6339831364550754
UNSW,42,random,topn,0.5014976260949738
UNSW,42,random,random_n,0.5446947076720822
UNSW,43,random,topn,0.49410020724495873
UNSW,43,random,random_n,0.4978615288817445
UNSW,44,random,topn,0.5888119503003328
UNSW,44,random,random_n,0.4887304830133638
UNSW,45,random,topn,0.6042939766505432
UNSW,45,random,random_n,0.6630807075634495
UNSW,46,random,topn,0.6072575157617147
UNSW,46,random,random_n,0.42642466905155957
UNSW,47,random,topn,0.5110557199199292
UNSW,47,random,random_n,0.5320296183148249
UNSW,48,random,topn,0.6261919164327968
UNSW,48,random,random_n,0.5809717349311094
UNSW,49,random,topn,0.5284323839839046
UNSW,49,random,random_n,0.5429677670480615
UNSW,0,label_affinity,topn,0.657592624462489
UNSW,0,label_affinity,random_n,0.6376493381538876
UNSW,1,label_affinity,topn,0.6085070002271779
UNSW,1,label_affinity,random_n,0.579670456924902
UNSW,2,label_affinity,topn,0.6818115281826153
UNSW,2,label_affinity,random_n,0.5322394054822333
UNSW,3,label_affinity,topn,0.5747437287067941
UNSW,3,label_affinity,random_n,0.4860383778156687
UNSW,4,label_affinity,topn,0.6283134843038053
UNSW,4,label_affinity,random_n,0.5919074788539761
UNSW,5,label_affinity,topn,0.6229047463428884
UNSW,5,label_affinity,random_n,0.5943484100881564
UNSW,6,label_affinity,topn,0.472101289975247
UNSW,6,label_affinity,random_n,0.5885897930044942
UNSW,7,label_affinity,topn,0.5776163909874573
UNSW,7,label_affinity,random_n,0.5148853612486988
UNSW,8,label_affinity,topn,0.47395239673929046
UNSW,8,label_affinity,random_n,0.7502570020025443
UNSW,9,label_affinity,topn,0.5831984385908074
UNSW,9,label_affinity,random_n,0.5538981009256069
UNSW,10,label_affinity,topn,0.436787229289402
UNSW,10,label_affinity,random_n,0.6156125963468619
UNSW,11,label_affinity,topn,0.5504418350768437
UNSW,11,label_affinity,random_n,0.675587001945202
UNSW,12,label_affinity,topn,0.4784937899127757
UNSW,12,label_affinity,random_n,0.5848497228304698
UNSW,13,label_affinity,topn,0.6573443880807325
UNSW,13,label_affinity,random_n,0.5698886317904163
UNSW,14,label_affinity,topn,0.6659385408249207
UNSW,14,label_affinity,random_n,0.5062161949280991
UNSW,15,label_affinity,topn,0.6669730392142199
UNSW,15,label_affinity,random_n,0.5152907253094586
UNSW,16,label_affinity,topn,0.6573443880807325
UNSW,16,label_affinity,random_n,0.5944785638282525
UNSW,17,label_affinity,topn,0.5831984385908074
UNSW,17,label_affinity,random_n,0.6602545547287504
UNSW,18,label_affinity,topn,0.6744578436280465
UNSW,18,label_affinity,random_n,0.5239032753028648
UNSW,19,label_affinity,topn,0.6573443880807325
UNSW,19,label_affinity,random_n,0.5613537480376083
UNSW,20,label_affinity,topn,0.624383177345307
UNSW,20,label_affinity,random_n,0.5160567531540271
UNSW,21,label_affinity,topn,0.46858828466075164
UNSW,21,label_affinity,random_n,0.5125301651182473
UNSW,22,label_affinity,topn,0.5492375739211318
UNSW,22,label_affinity,random_n,0.6033521690674971
UNSW,23,label_affinity,topn,0.4140402579209829
UNSW,23,label_affinity,random_n,0.5126118116215787
UNSW,24,label_affinity,topn,0.5873643807523917
UNSW,24,label_affinity,random_n,0.5909298785084779
UNSW,25,label_affinity,topn,0.7229090370496175
UNSW,25,label_affinity,random_n,0.5123810049593384
UNSW,26,label_affinity,topn,0.556397612222503
UNSW,26,label_affinity,random_n,0.6716019645924057
UNSW,27,label_affinity,topn,0.6264837148026342
UNSW,27,label_affinity,random_n,0.49077169138650284
UNSW,28,label_affinity,topn,0.6033240299613779
UNSW,28,label_affinity,random_n,0.5171445886357464
UNSW,29,label_affinity,topn,0.6085070002271779
UNSW,29,label_affinity,random_n,0.5916828699533675
UNSW,30,label_affinity,topn,0.5504418350768436
UNSW,30,label_affinity,random_n,0.579670456924902
UNSW,31,label_affinity,topn,0.4785521364109418
UNSW,31,label_affinity,random_n,0.5652299979788914
UNSW,32,label_affinity,topn,0.5670986467013969
UNSW,32,label_affinity,random_n,0.685124768679819
UNSW,33,label_affinity,topn,0.4701380304072815
UNSW,33,label_affinity,random_n,0.6958272592020404
UNSW,34,label_affinity,topn,0.6069744724907523
UNSW,34,label_affinity,random_n,0.549081047043998
UNSW,35,label_affinity,topn,0.5178044796356315
UNSW,35,label_affinity,random_n,0.47618207695562803
UNSW,36,label_affinity,topn,0.650381663697459
UNSW,36,label_affinity,random_n,0.49562898969177754
UNSW,37,label_affinity,topn,0.5237224605274188
UNSW,37,label_affinity,random_n,0.5865852770296831
UNSW,38,label_affinity,topn,0.5732006478995161
UNSW,38,label_affinity,random_n,0.5903583756693017
UNSW,39,label_affinity,topn,0.5851431073894134
UNSW,39,label_affinity,random_n,0.6321577912099065
UNSW,40,label_affinity,topn,0.551369650394809
UNSW,40,label_affinity,random_n,0.6407570522157257
UNSW,41,label_affinity,topn,0.6445221818998227
UNSW,41,label_affinity,random_n,0.6817243574651183
UNSW,42,label_affinity,topn,0.6264537788410119
UNSW,42,label_affinity,random_n,0.5308609810799209
UNSW,43,label_affinity,topn,0.5956847940462681
UNSW,43,label_affinity,random_n,0.5462703298035864
UNSW,44,label_affinity,topn,0.7019972840814569
UNSW,44,label_affinity,random_n,0.6098406574837575
UNSW,45,label_affinity,topn,0.6047364975720901
UNSW,45,label_affinity,random_n,0.5602686398688409
UNSW,46,label_affinity,topn,0.49082608350894996
UNSW,46,label_affinity,random_n,0.6001679980104068
UNSW,47,label_affinity,topn,0.5422164473988814
UNSW,47,label_affinity,random_n,0.605997160544436
UNSW,48,label_affinity,topn,0.5831984385908074
UNSW,48,label_affinity,random_n,0.6255833977942192
UNSW,49,label_affinity,topn,0.498929492968037
UNSW,49,label_affinity,random_n,0.716537748216446
UNSW,0,random,topn,0.7009614951186255
UNSW,0,random,random_n,0.4530229686233103
UNSW,1,random,topn,0.5849186086790912
UNSW,1,random,random_n,0.47707536158607394
UNSW,2,random,topn,0.560944499900354
UNSW,2,random,random_n,0.5958967715239557
UNSW,3,random,topn,0.6492435720132699
UNSW,3,random,random_n,0.5162802351610826
UNSW,4,random,topn,0.6470993528512455
UNSW,4,random,random_n,0.6280436332353445
UNSW,5,random,topn,0.5817047975489408
UNSW,5,random,random_n,0.5129185577831257
UNSW,6,random,topn,0.5877312156049752
UNSW,6,random,random_n,0.6993632546458292
UNSW,7,random,topn,0.646850010773297
UNSW,7,random,random_n,0.6535708850072631
UNSW,8,random,topn,0.7381821477371894
UNSW,8,random,random_n,0.49399981167307255
UNSW,9,random,topn,0.506530489682265
UNSW,9,random,random_n,0.7680577797227456
UNSW,10,random,topn,0.6609541394075878
UNSW,10,random,random_n,0.481289817655896
UNSW,11,random,topn,0.5954476460280764
UNSW,11,random,random_n,0.5012660166302916
UNSW,12,random,topn,0.5754282750762827
UNSW,12,random,random_n,0.6581094844205195
UNSW,13,random,topn,0.541332179352162
UNSW,13,random,random_n,0.5347303085970558
UNSW,14,random,topn,0.5167534125319856
UNSW,14,random,random_n,0.4254450941599363
UNSW,15,random,topn,0.5140580698650242
UNSW,15,random,random_n,0.6573443880807325
UNSW,16,random,topn,0.6014135208051862
UNSW,16,random,random_n,0.5708743751096066
UNSW,17,random,topn,0.6220825841377909
UNSW,17,random,random_n,0.4983837707981668
UNSW,18,random,topn,0.5687640175625434
UNSW,18,random,random_n,0.5271023761402563
UNSW,19,random,topn,0.6688410007237402
UNSW,19,random,random_n,0.590072515588559
UNSW,20,random,topn,0.4934296321504772
UNSW,20,random,random_n,0.6649766957482388
UNSW,21,random,topn,0.4701380304072815
UNSW,21,random,random_n,0.4657864425969314
UNSW,22,random,topn,0.6124170085634929
UNSW,22,random,random_n,0.6120668836049781
UNSW,23,random,topn,0.6009083604578821
UNSW,23,random,random_n,0.5548559376815418
UNSW,24,random,topn,0.5151647876579555
UNSW,24,random,random_n,0.5618451552505461
UNSW,25,random,topn,0.5919196643621709
UNSW,25,random,random_n,0.5688877523064257
UNSW,26,random,topn,0.6430754041576304
UNSW,26,random,random_n,0.5983184058177643
UNSW,27,random,topn,0.6442850338816312
UNSW,27,random,random_n,0.6295884441993523
UNSW,28,random,topn,0.5550877799575833
UNSW,28,random,random_n,0.6189896413797017
UNSW,29,random,topn,0.44187712015412123
UNSW,29,random,random_n,0.6416406891253174
UNSW,30,random,topn,0.5777453928754922
UNSW,30,random,random_n,0.5555040381243904
UNSW,31,random,topn,0.5607544869798909
UNSW,31,random,random_n,0.673744208715421
UNSW,32,random,topn,0.5437689564676722
UNSW,32,random,random_n,0.5922471416982479
UNSW,33,random,topn,0.5170304315569297
UNSW,33,random,random_n,0.5198969714656305
UNSW,34,random,topn,0.4825353070388608
UNSW,34,random,random_n,0.5316834121225898
UNSW,35,random,topn,0.4390333164762447
UNSW,35,random,random_n,0.5715361797803276
UNSW,36,random,topn,0.6283222091952947
UNSW,36,random,random_n,0.644552947274945
UNSW,37,random,topn,0.5590304374186107
UNSW,37,random,random_n,0.710502156401601
UNSW,38,random,topn,0.6111162754442986
UNSW,38,random,random_n,0.581679022883489
UNSW,39,random,topn,0.5560813645307207
UNSW,39,random,random_n,0.6165270258866955
UNSW,40,random,topn,0.6559303321554428
UNSW,40,random,random_n,0.6626719421608239
UNSW,41,random,topn,0.5783026060118549
UNSW,41,random,random_n,0.5760325771418278
UNSW,42,random,topn,0.5014976260949738
UNSW,42,random,random_n,0.6351010637626825
UNSW,43,random,topn,0.49410020724495873
UNSW,43,random,random_n,0.6102928918292044
UNSW,44,random,topn,0.5888119503003328
UNSW,44,random,random_n,0.6449584278050245
UNSW,45,random,topn,0.6042939766505432
UNSW,45,random,random_n,0.5699298965259784
UNSW,46,random,topn,0.6072575157617147
UNSW,46,random,random_n,0.5406860796237
UNSW,47,random,topn,0.5110557199199292
UNSW,47,random,random_n,0.5144187925642225
UNSW,48,random,topn,0.6261919164327968
UNSW,48,random,random_n,0.6587832152544085
UNSW,49,random,topn,0.5284323839839046
UNSW,49,random,random_n,0.5586471024782795
UNSW,0,label_affinity,topn,0.657592624462489
UNSW,0,label_affinity,random_n,0.617054100873189
UNSW,1,label_affinity,topn,0.6085070002271779
UNSW,1,label_affinity,random_n,0.5708002934270818
UNSW,2,label_affinity,topn,0.6818115281826153
UNSW,2,label_affinity,random_n,0.5383859465925482
UNSW,3,label_affinity,topn,0.5747437287067941
UNSW,3,label_affinity,random_n,0.5508172389487092
UNSW,4,label_affinity,topn,0.6283134843038053
UNSW,4,label_affinity,random_n,0.6683500770926738
UNSW,5,label_affinity,topn,0.6229047463428884
UNSW,5,label_affinity,random_n,0.6004778134174994
UNSW,6,label_affinity,topn,0.472101289975247
UNSW,6,label_affinity,random_n,0.6421928707902359
UNSW,7,label_affinity,topn,0.5776163909874573
UNSW,7,label_affinity,random_n,0.6563659750281398
UNSW,8,label_affinity,topn,0.47395239673929046
UNSW,8,label_affinity,random_n,0.594678500220303
UNSW,9,label_affinity,topn,0.5831984385908074
UNSW,9,label_affinity,random_n,0.6476264022557503
UNSW,10,label_affinity,topn,0.436787229289402
UNSW,10,label_affinity,random_n,0.5331115662717897
UNSW,11,label_affinity,topn,0.5504418350768437
UNSW,11,label_affinity,random_n,0.5698549928679298
UNSW,12,label_affinity,topn,0.4784937899127757
UNSW,12,label_affinity,random_n,0.6019824556757379
UNSW,13,label_affinity,topn,0.6573443880807325
UNSW,13,label_affinity,random_n,0.5367733029873091
UNSW,14,label_affinity,topn,0.6659385408249207
UNSW,14,label_affinity,random_n,0.5398341743393135
UNSW,15,label_affinity,topn,0.6669730392142199
UNSW,15,label_affinity,random_n,0.5177229555555426
UNSW,16,label_affinity,topn,0.6573443880807325
UNSW,16,label_affinity,random_n,0.5063769330871186
UNSW,17,label_affinity,topn,0.5831984385908074
UNSW,17,label_affinity,random_n,0.6223858373827728
UNSW,18,label_affinity,topn,0.6744578436280465
UNSW,18,label_affinity,random_n,0.6002120581232885
UNSW,19,label_affinity,topn,0.6573443880807325
UNSW,19,label_affinity,random_n,0.6260639958261792
UNSW,20,label_affinity,topn,0.624383177345307
UNSW,20,label_affinity,random_n,0.6594461681931733
UNSW,21,label_affinity,topn,0.46858828466075164
UNSW,21,label_affinity,random_n,0.4970515113685428
UNSW,22,label_affinity,topn,0.5492375739211318
UNSW,22,label_affinity,random_n,0.5933356330031759
UNSW,23,label_affinity,topn,0.4140402579209829
UNSW,23,label_affinity,random_n,0.6513255835384575
UNSW,24,label_affinity,topn,0.5873643807523917
UNSW,24,label_affinity,random_n,0.40140179807113857
UNSW,25,label_affinity,topn,0.7229090370496175
UNSW,25,label_affinity,random_n,0.5769586709011586
UNSW,26,label_affinity,topn,0.556397612222503
UNSW,26,label_affinity,random_n,0.6460754255963345
UNSW,27,label_affinity,topn,0.6264837148026342
UNSW,27,label_affinity,random_n,0.4938920298324206
UNSW,28,label_affinity,topn,0.6033240299613779
UNSW,28,label_affinity,random_n,0.597254635187374
UNSW,29,label_affinity,topn,0.6085070002271779
UNSW,29,label_affinity,random_n,0.5210422237189726
UNSW,30,label_affinity,topn,0.5504418350768436
UNSW,30,label_affinity,random_n,0.5548755836205913
UNSW,31,label_affinity,topn,0.4785521364109418
UNSW,31,label_affinity,random_n,0.4912381288524821
UNSW,32,label_affinity,topn,0.5670986467013969
UNSW,32,label_affinity,random_n,0.41719532095540385
UNSW,33,label_affinity,topn,0.4701380304072815
UNSW,33,label_affinity,random_n,0.5967799187124156
UNSW,34,label_affinity,topn,0.6069744724907523
UNSW,34,label_affinity,random_n,0.5597241028619221
UNSW,35,label_affinity,topn,0.5178044796356315
UNSW,35,label_affinity,random_n,0.5260220485204817
UNSW,36,label_affinity,topn,0.650381663697459
UNSW,36,label_affinity,random_n,0.5351200755866703
UNSW,37,label_affinity,topn,0.5237224605274188
UNSW,37,label_affinity,random_n,0.6243193591658259
UNSW,38,label_affinity,topn,0.5732006478995161
UNSW,38,label_affinity,random_n,0.6248828067577595
UNSW,39,label_affinity,topn,0.5851431073894134
UNSW,39,label_affinity,random_n,0.6596837448612867
UNSW,40,label_affinity,topn,0.551369650394809
UNSW,40,label_affinity,random_n,0.4353987612966301
UNSW,41,label_affinity,topn,0.6445221818998227
UNSW,41,label_affinity,random_n,0.4959475782792169
UNSW,42,label_affinity,topn,0.6264537788410119
UNSW,42,label_affinity,random_n,0.6261868577851968
UNSW,43,label_affinity,topn,0.5956847940462681
UNSW,43,label_affinity,random_n,0.7586130111352786
UNSW,44,label_affinity,topn,0.7019972840814569
UNSW,44,label_affinity,random_n,0.6633112819967483
UNSW,45,label_affinity,topn,0.6047364975720901
UNSW,45,label_affinity,random_n,0.5524008402137996
UNSW,46,label_affinity,topn,0.49082608350894996
UNSW,46,label_affinity,random_n,0.678584977065901
UNSW,47,label_affinity,topn,0.5422164473988814
UNSW,47,label_affinity,random_n,0.5194612700638118
UNSW,48,label_affinity,topn,0.5831984385908074
UNSW,48,label_affinity,random_n,0.6010709372709174
UNSW,49,label_affinity,topn,0.498929492968037
UNSW,49,label_affinity,random_n,0.5136107770665863
UNSW,0,random,topn,0.7009614951186255
UNSW,0,random,random_n,0.5958385103243264
UNSW,1,random,topn,0.5849186086790912
UNSW,1,random,random_n,0.5340644762238411
UNSW,2,random,topn,0.560944499900354
UNSW,2,random,random_n,0.5686646436626694
UNSW,3,random,topn,0.6492435720132699
UNSW,3,random,random_n,0.4823970931272037
UNSW,4,random,topn,0.6470993528512455
UNSW,4,random,random_n,0.5675741354130439
UNSW,5,random,topn,0.5817047975489408
UNSW,5,random,random_n,0.4067161271792397
UNSW,6,random,topn,0.5877312156049752
UNSW,6,random,random_n,0.5761049591688158
UNSW,7,random,topn,0.646850010773297
UNSW,7,random,random_n,0.5569837021880198
UNSW,8,random,topn,0.7381821477371894
UNSW,8,random,random_n,0.6093009732937357
UNSW,9,random,topn,0.506530489682265
UNSW,9,random,random_n,0.6798540123339474
UNSW,10,random,topn,0.6609541394075878
UNSW,10,random,random_n,0.584112080343593
UNSW,11,random,topn,0.5954476460280764
UNSW,11,random,random_n,0.5119730512676959
UNSW,12,random,topn,0.5754282750762827
UNSW,12,random,random_n,0.4364185919355435
UNSW,13,random,topn,0.541332179352162
UNSW,13,random,random_n,0.5492375739211318
UNSW,14,random,topn,0.5167534125319856
UNSW,14,random,random_n,0.6198711717543797
UNSW,15,random,topn,0.5140580698650242
UNSW,15,random,random_n,0.6351371126573362
UNSW,16,random,topn,0.6014135208051862
UNSW,16,random,random_n,0.4977066941095954
UNSW,17,random,topn,0.6220825841377909
UNSW,17,random,random_n,0.612620358469861
UNSW,18,random,topn,0.5687640175625434
UNSW,18,random,random_n,0.5724000179111073
UNSW,19,random,topn,0.6688410007237402
UNSW,19,random,random_n,0.618393604958913
UNSW,20,random,topn,0.4934296321504772
UNSW,20,random,random_n,0.5387474889164205
UNSW,21,random,topn,0.4701380304072815
UNSW,21,random,random_n,0.5043598307814391
UNSW,22,random,topn,0.6124170085634929
UNSW,22,random,random_n,0.6224308320508699
UNSW,23,random,topn,0.6009083604578821
UNSW,23,random,random_n,0.6381481250014351
UNSW,24,random,topn,0.5151647876579555
UNSW,24,random,random_n,0.6619802810860993
UNSW,25,random,topn,0.5919196643621709
UNSW,25,random,random_n,0.5501734096759009
UNSW,26,random,topn,0.6430754041576304
UNSW,26,random,random_n,0.6124627412830616
UNSW,27,random,topn,0.6442850338816312
UNSW,27,random,random_n,0.6363904172543935
UNSW,28,random,topn,0.5550877799575833
UNSW,28,random,random_n,0.6469245757406888
UNSW,29,random,topn,0.44187712015412123
UNSW,29,random,random_n,0.61183528115457
UNSW,30,random,topn,0.5777453928754922
UNSW,30,random,random_n,0.4929864001654929
UNSW,31,random,topn,0.5607544869798909
UNSW,31,random,random_n,0.5355575999807304
UNSW,32,random,topn,0.5437689564676722
UNSW,32,random,random_n,0.5877126958205579
UNSW,33,random,topn,0.5170304315569297
UNSW,33,random,random_n,0.6283927378119928
UNSW,34,random,topn,0.4825353070388608
UNSW,34,random,random_n,0.590590871970464
UNSW,35,random,topn,0.4390333164762447
UNSW,35,random,random_n,0.5617585286798854
UNSW,36,random,topn,0.6283222091952947
UNSW,36,random,random_n,0.6581094844205194
UNSW,37,random,topn,0.5590304374186107
UNSW,37,random,random_n,0.6766492912400702
UNSW,38,random,topn,0.6111162754442986
UNSW,38,random,random_n,0.5909712943105611
UNSW,39,random,topn,0.5560813645307207
UNSW,39,random,random_n,0.6621961070801329
UNSW,40,random,topn,0.6559303321554428
UNSW,40,random,random_n,0.5477859156351431
UNSW,41,random,topn,0.5783026060118549
UNSW,41,random,random_n,0.6462267929900398
UNSW,42,random,topn,0.5014976260949738
UNSW,42,random,random_n,0.5770220294510002
UNSW,43,random,topn,0.49410020724495873
UNSW,43,random,random_n,0.620270007763935
UNSW,44,random,topn,0.5888119503003328
UNSW,44,random,random_n,0.45181009130828115
UNSW,45,random,topn,0.6042939766505432
UNSW,45,random,random_n,0.4930942548265895
UNSW,46,random,topn,0.6072575157617147
UNSW,46,random,random_n,0.6649043428484975
UNSW,47,random,topn,0.5110557199199292
UNSW,47,random,random_n,0.6129881687713965
UNSW,48,random,topn,0.6261919164327968
UNSW,48,random,random_n,0.6694187009872917
UNSW,49,random,topn,0.5284323839839046
UNSW,49,random,random_n,0.6435769850749201
UNSW,0,label_affinity,topn,0.657592624462489
UNSW,0,label_affinity,random_n,0.5483422877238294
UNSW,1,label_affinity,topn,0.6085070002271779
UNSW,1,label_affinity,random_n,0.7000857621408313
UNSW,2,label_affinity,topn,0.6818115281826153
UNSW,2,label_affinity,random_n,0.5226339692224906
UNSW,3,label_affinity,topn,0.5747437287067941
UNSW,3,label_affinity,random_n,0.5438045873654132
UNSW,4,label_affinity,topn,0.6283134843038053
UNSW,4,label_affinity,random_n,0.6532138922551344
UNSW,5,label_affinity,topn,0.6229047463428884
UNSW,5,label_affinity,random_n,0.5864900434343546
UNSW,6,label_affinity,topn,0.472101289975247
UNSW,6,label_affinity,random_n,0.584775198146339
UNSW,7,label_affinity,topn,0.5776163909874573
UNSW,7,label_affinity,random_n,0.5344155412255517
UNSW,8,label_affinity,topn,0.47395239673929046
UNSW,8,label_affinity,random_n,0.5640021755115101
UNSW,9,label_affinity,topn,0.5831984385908074
UNSW,9,label_affinity,random_n,0.5343610507372528
UNSW,10,label_affinity,topn,0.436787229289402
UNSW,10,label_affinity,random_n,0.5178201746563339
UNSW,11,label_affinity,topn,0.5504418350768437
UNSW,11,label_affinity,random_n,0.6365019446668936
UNSW,12,label_affinity,topn,0.4784937899127757
UNSW,12,label_affinity,random_n,0.578397144639002
UNSW,13,label_affinity,topn,0.6573443880807325
UNSW,13,label_affinity,random_n,0.538149270405028
UNSW,14,label_affinity,topn,0.6659385408249207
UNSW,14,label_affinity,random_n,0.680143110034361
UNSW,15,label_affinity,topn,0.6669730392142199
UNSW,15,label_affinity,random_n,0.48833469374628685
UNSW,16,label_affinity,topn,0.6573443880807325
UNSW,16,label_affinity,random_n,0.6046136586059362
UNSW,17,label_affinity,topn,0.5831984385908074
UNSW,17,label_affinity,random_n,0.6264370814987833
UNSW,18,label_affinity,topn,0.6744578436280465
UNSW,18,label_affinity,random_n,0.6009250295521175
UNSW,19,label_affinity,topn,0.6573443880807325
UNSW,19,label_affinity,random_n,0.5431545420135013
UNSW,20,label_affinity,topn,0.624383177345307
UNSW,20,label_affinity,random_n,0.7009614951186256
UNSW,21,label_affinity,topn,0.46858828466075164
UNSW,21,label_affinity,random_n,0.6574942011055592
UNSW,22,label_affinity,topn,0.5492375739211318
UNSW,22,label_affinity,random_n,0.5884111541458276
UNSW,23,label_affinity,topn,0.4140402579209829
UNSW,23,label_affinity,random_n,0.6224175536525282
UNSW,24,label_affinity,topn,0.5873643807523917
UNSW,24,label_affinity,random_n,0.6826497067048677
UNSW,25,label_affinity,topn,0.7229090370496175
UNSW,25,label_affinity,random_n,0.6620499925855268
UNSW,26,label_affinity,topn,0.556397612222503
UNSW,26,label_affinity,random_n,0.4422143947021448
UNSW,27,label_affinity,topn,0.6264837148026342
UNSW,27,label_affinity,random_n,0.5336659181349674
UNSW,28,label_affinity,topn,0.6033240299613779
UNSW,28,label_affinity,random_n,0.49122780479264216
UNSW,29,label_affinity,topn,0.6085070002271779
UNSW,29,label_affinity,random_n,0.5746718614058738
UNSW,30,label_affinity,topn,0.5504418350768436
UNSW,30,label_affinity,random_n,0.4738992204674435
UNSW,31,label_affinity,topn,0.4785521364109418
UNSW,31,label_affinity,random_n,0.5928368461556284
UNSW,32,label_affinity,topn,0.5670986467013969
UNSW,32,label_affinity,random_n,0.5372199031033759
UNSW,33,label_affinity,topn,0.4701380304072815
UNSW,33,label_affinity,random_n,0.5237274841363583
UNSW,34,label_affinity,topn,0.6069744724907523
UNSW,34,label_affinity,random_n,0.6261997090344075
UNSW,35,label_affinity,topn,0.5178044796356315
UNSW,35,label_affinity,random_n,0.536296043208524
UNSW,36,label_affinity,topn,0.650381663697459
UNSW,36,label_affinity,random_n,0.5933763000154034
UNSW,37,label_affinity,topn,0.5237224605274188
UNSW,37,label_affinity,random_n,0.4747768953876288
UNSW,38,label_affinity,topn,0.5732006478995161
UNSW,38,label_affinity,random_n,0.41839846387893614
UNSW,39,label_affinity,topn,0.5851431073894134
UNSW,39,label_affinity,random_n,0.547170844400803
UNSW,40,label_affinity,topn,0.551369650394809
UNSW,40,label_affinity,random_n,0.5656987172921356
UNSW,41,label_affinity,topn,0.6445221818998227
UNSW,41,label_affinity,random_n,0.6451019711028629
UNSW,42,label_affinity,topn,0.6264537788410119
UNSW,42,label_affinity,random_n,0.7198200590626594
UNSW,43,label_affinity,topn,0.5956847940462681
UNSW,43,label_affinity,random_n,0.4930942548265895
UNSW,44,label_affinity,topn,0.7019972840814569
UNSW,44,label_affinity,random_n,0.6080824039012397
UNSW,45,label_affinity,topn,0.6047364975720901
UNSW,45,label_affinity,random_n,0.48143351737412593
UNSW,46,label_affinity,topn,0.49082608350894996
UNSW,46,label_affinity,random_n,0.6499712196659606
UNSW,47,label_affinity,topn,0.5422164473988814
UNSW,47,label_affinity,random_n,0.585319244840334
UNSW,48,label_affinity,topn,0.5831984385908074
UNSW,48,label_affinity,random_n,0.5862863305996225
UNSW,49,label_affinity,topn,0.498929492968037
UNSW,49,label_affinity,random_n,0.7047471148897873
UNSW,0,random,topn,0.7009614951186255
UNSW,0,random,random_n,0.5221951560870999
UNSW,1,random,topn,0.5849186086790912
UNSW,1,random,random_n,0.6397681850016992
UNSW,2,random,topn,0.560944499900354
UNSW,2,random,random_n,0.6254425646507706
UNSW,3,random,topn,0.6492435720132699
UNSW,3,random,random_n,0.5519737024040614
UNSW,4,random,topn,0.6470993528512455
UNSW,4,random,random_n,0.6264290644509884
UNSW,5,random,topn,0.5817047975489408
UNSW,5,random,random_n,0.559877772384874
UNSW,6,random,topn,0.5877312156049752
UNSW,6,random,random_n,0.6720924114065073
UNSW,7,random,topn,0.646850010773297
UNSW,7,random,random_n,0.6527829886249984
UNSW,8,random,topn,0.7381821477371894
UNSW,8,random,random_n,0.5990347326460203
UNSW,9,random,topn,0.506530489682265
UNSW,9,random,random_n,0.6557716301002757
UNSW,10,random,topn,0.6609541394075878
UNSW,10,random,random_n,0.6939325316415833
UNSW,11,random,topn,0.5954476460280764
UNSW,11,random,random_n,0.5810486188219408
UNSW,12,random,topn,0.5754282750762827
UNSW,12,random,random_n,0.5945006039825455
UNSW,13,random,topn,0.541332179352162
UNSW,13,random,random_n,0.5336686185457576
UNSW,14,random,topn,0.5167534125319856
UNSW,14,random,random_n,0.5581315360486425
UNSW,15,random,topn,0.5140580698650242
UNSW,15,random,random_n,0.6541431903935601
UNSW,16,random,topn,0.6014135208051862
UNSW,16,random,random_n,0.47537876196022566
UNSW,17,random,topn,0.6220825841377909
UNSW,17,random,random_n,0.5303454342447411
UNSW,18,random,topn,0.5687640175625434
UNSW,18,random,random_n,0.6405115308081617
UNSW,19,random,topn,0.6688410007237402
UNSW,19,random,random_n,0.6505913516896071
UNSW,20,random,topn,0.4934296321504772
UNSW,20,random,random_n,0.6162524252503627
UNSW,21,random,topn,0.4701380304072815
UNSW,21,random,random_n,0.525825851071666
UNSW,22,random,topn,0.6124170085634929
UNSW,22,random,random_n,0.42734306044573134
UNSW,23,random,topn,0.6009083604578821
UNSW,23,random,random_n,0.5945367920666472
UNSW,24,random,topn,0.5151647876579555
UNSW,24,random,random_n,0.6901274660801914
UNSW,25,random,topn,0.5919196643621709
UNSW,25,random,random_n,0.6587283935863674
UNSW,26,random,topn,0.6430754041576304
UNSW,26,random,random_n,0.5271935853800024
UNSW,27,random,topn,0.6442850338816312
UNSW,27,random,random_n,0.5476246813840456
UNSW,28,random,topn,0.5550877799575833
UNSW,28,random,random_n,0.6047334971537085
UNSW,29,random,topn,0.44187712015412123
UNSW,29,random,random_n,0.5429187236067161
UNSW,30,random,topn,0.5777453928754922
UNSW,30,random,random_n,0.6725330432890791
UNSW,31,random,topn,0.5607544869798909
UNSW,31,random,random_n,0.5395102505596904
UNSW,32,random,topn,0.5437689564676722
UNSW,32,random,random_n,0.45540629233342544
UNSW,33,random,topn,0.5170304315569297
UNSW,33,random,random_n,0.690121363065805
UNSW,34,random,topn,0.4825353070388608
UNSW,34,random,random_n,0.6071134768399931
UNSW,35,random,topn,0.4390333164762447
UNSW,35,random,random_n,0.4949906092287098
UNSW,36,random,topn,0.6283222091952947
UNSW,36,random,random_n,0.6772721903813262
UNSW,37,random,topn,0.5590304374186107
UNSW,37,random,random_n,0.5707242663532418
UNSW,38,random,topn,0.6111162754442986
UNSW,38,random,random_n,0.5615139616637513
UNSW,39,random,topn,0.5560813645307207
UNSW,39,random,random_n,0.5396937756589257
UNSW,40,random,topn,0.6559303321554428
UNSW,40,random,random_n,0.4663546479683724
UNSW,41,random,topn,0.5783026060118549
UNSW,41,random,random_n,0.5407339011272344
UNSW,42,random,topn,0.5014976260949738
UNSW,42,random,random_n,0.6682508194842476
UNSW,43,random,topn,0.49410020724495873
UNSW,43,random,random_n,0.5930742387616103
UNSW,44,random,topn,0.5888119503003328
UNSW,44,random,random_n,0.6468500107732967
UNSW,45,random,topn,0.6042939766505432
UNSW,45,random,random_n,0.5635415298971985
UNSW,46,random,topn,0.6072575157617147
UNSW,46,random,random_n,0.6351010637626825
UNSW,47,random,topn,0.5110557199199292
UNSW,47,random,random_n,0.5428789714354653
UNSW,48,random,topn,0.6261919164327968
UNSW,48,random,random_n,0.6056612968765808
UNSW,49,random,topn,0.5284323839839046
UNSW,49,random,random_n,0.6523472873902377
UNSW,0,label_affinity,topn,0.657592624462489
UNSW,0,label_affinity,random_n,0.7457942617972816
UNSW,1,label_affinity,topn,0.6085070002271779
UNSW,1,label_affinity,random_n,0.6389132213412222
UNSW,2,label_affinity,topn,0.6818115281826153
UNSW,2,label_affinity,random_n,0.6139175360730488
UNSW,3,label_affinity,topn,0.5747437287067941
UNSW,3,label_affinity,random_n,0.5645099976564402
UNSW,4,label_affinity,topn,0.6283134843038053
UNSW,4,label_affinity,random_n,0.6029870117379018
UNSW,5,label_affinity,topn,0.6229047463428884
UNSW,5,label_affinity,random_n,0.6346529172934035
UNSW,6,label_affinity,topn,0.472101289975247
UNSW,6,label_affinity,random_n,0.6319762861797512
UNSW,7,label_affinity,topn,0.5776163909874573
UNSW,7,label_affinity,random_n,0.47112278006157093
UNSW,8,label_affinity,topn,0.47395239673929046
UNSW,8,label_affinity,random_n,0.6438456593225655
UNSW,9,label_affinity,topn,0.5831984385908074
UNSW,9,label_affinity,random_n,0.48427034632611426
UNSW,10,label_affinity,topn,0.436787229289402
UNSW,10,label_affinity,random_n,0.5913659329214863
UNSW,11,label_affinity,topn,0.5504418350768437
UNSW,11,label_affinity,random_n,0.6125350941828028
UNSW,12,label_affinity,topn,0.4784937899127757
UNSW,12,label_affinity,random_n,0.48909671840607255
UNSW,13,label_affinity,topn,0.6573443880807325
UNSW,13,label_affinity,random_n,0.6420808873096178
UNSW,14,label_affinity,topn,0.6659385408249207
UNSW,14,label_affinity,random_n,0.5167095440479629
UNSW,15,label_affinity,topn,0.6669730392142199
UNSW,15,label_affinity,random_n,0.6307610250850585
UNSW,16,label_affinity,topn,0.6573443880807325
UNSW,16,label_affinity,random_n,0.4685965917174351
UNSW,17,label_affinity,topn,0.5831984385908074
UNSW,17,label_affinity,random_n,0.6324046352837674
UNSW,18,label_affinity,topn,0.6744578436280465
UNSW,18,label_affinity,random_n,0.5787930615555749
UNSW,19,label_affinity,topn,0.6573443880807325
UNSW,19,label_affinity,random_n,0.6011480224954838
UNSW,20,label_affinity,topn,0.624383177345307
UNSW,20,label_affinity,random_n,0.6125656704525259
UNSW,21,label_affinity,topn,0.46858828466075164
UNSW,21,label_affinity,random_n,0.5622128993542035
UNSW,22,label_affinity,topn,0.5492375739211318
UNSW,22,label_affinity,random_n,0.6169666433385331
UNSW,23,label_affinity,topn,0.4140402579209829
UNSW,23,label_affinity,random_n,0.6240429272834949
UNSW,24,label_affinity,topn,0.5873643807523917
UNSW,24,label_affinity,random_n,0.6317619335318231
UNSW,25,label_affinity,topn,0.7229090370496175
UNSW,25,label_affinity,random_n,0.5146559405824142
UNSW,26,label_affinity,topn,0.556397612222503
UNSW,26,label_affinity,random_n,0.5926516368717563
UNSW,27,label_affinity,topn,0.6264837148026342
UNSW,27,label_affinity,random_n,0.638675194537684
UNSW,28,label_affinity,topn,0.6033240299613779
UNSW,28,label_affinity,random_n,0.6243193591658259
UNSW,29,label_affinity,topn,0.6085070002271779
UNSW,29,label_affinity,random_n,0.5662929834931265
UNSW,30,label_affinity,topn,0.5504418350768436
UNSW,30,label_affinity,random_n,0.5675614980322065
UNSW,31,label_affinity,topn,0.4785521364109418
UNSW,31,label_affinity,random_n,0.5663777860716381
UNSW,32,label_affinity,topn,0.5670986467013969
UNSW,32,label_affinity,random_n,0.5636945082289188
UNSW,33,label_affinity,topn,0.4701380304072815
UNSW,33,label_affinity,random_n,0.5873625890120889
UNSW,34,label_affinity,topn,0.6069744724907523
UNSW,34,label_affinity,random_n,0.5844212374492491
UNSW,35,label_affinity,topn,0.5178044796356315
UNSW,35,label_affinity,random_n,0.6691666786382985
UNSW,36,label_affinity,topn,0.650381663697459
UNSW,36,label_affinity,random_n,0.5765756679213884
UNSW,37,label_affinity,topn,0.5237224605274188
UNSW,37,label_affinity,random_n,0.5750537540393221
UNSW,38,label_affinity,topn,0.5732006478995161
UNSW,38,label_affinity,random_n,0.579670456924902
UNSW,39,label_affinity,topn,0.5851431073894134
UNSW,39,label_affinity,random_n,0.6009108744772921
UNSW,40,label_affinity,topn,0.551369650394809
UNSW,40,label_affinity,random_n,0.5944578601743832
UNSW,41,label_affinity,topn,0.6445221818998227
UNSW,41,label_affinity,random_n,0.5553004429128479
UNSW,42,label_affinity,topn,0.6264537788410119
UNSW,42,label_affinity,random_n,0.6000455730789184
UNSW,43,label_affinity,topn,0.5956847940462681
UNSW,43,label_affinity,random_n,0.5917804459001142
UNSW,44,label_affinity,topn,0.7019972840814569
UNSW,44,label_affinity,random_n,0.5990693833710337
UNSW,45,label_affinity,topn,0.6047364975720901
UNSW,45,label_affinity,random_n,0.6376493381538876
UNSW,46,label_affinity,topn,0.49082608350894996
UNSW,46,label_affinity,random_n,0.6255691094600234
UNSW,47,label_affinity,topn,0.5422164473988814
UNSW,47,label_affinity,random_n,0.6498194836029426
UNSW,48,label_affinity,topn,0.5831984385908074
UNSW,48,label_affinity,random_n,0.5937712758758728
UNSW,49,label_affinity,topn,0.498929492968037
UNSW,49,label_affinity,random_n,0.6245414609065301
UNSW,0,random,topn,0.7009614951186255
UNSW,0,random,random_n,0.4413286224628872
UNSW,1,random,topn,0.5849186086790912
UNSW,1,random,random_n,0.6564323171033202
UNSW,2,random,topn,0.560944499900354
UNSW,2,random,random_n,0.5852143126463848
UNSW,3,random,topn,0.6492435720132699
UNSW,3,random,random_n,0.5222704224300414
UNSW,4,random,topn,0.6470993528512455
UNSW,4,random,random_n,0.5607152399849077
UNSW,5,random,topn,0.5817047975489408
UNSW,5,random,random_n,0.6392512706318981
UNSW,6,random,topn,0.5877312156049752
UNSW,6,random,random_n,0.591764085168049
UNSW,7,random,topn,0.646850010773297
UNSW,7,random,random_n,0.4027394033749038
UNSW,8,random,topn,0.7381821477371894
UNSW,8,random,random_n,0.6355042678456566
UNSW,9,random,topn,0.506530489682265
UNSW,9,random,random_n,0.5748807710832824
UNSW,10,random,topn,0.6609541394075878
UNSW,10,random,random_n,0.5197847016265408
UNSW,11,random,topn,0.5954476460280764
UNSW,11,random,random_n,0.5870628903045585
UNSW,12,random,topn,0.5754282750762827
UNSW,12,random,random_n,0.6244551959923502
UNSW,13,random,topn,0.541332179352162
UNSW,13,random,random_n,0.5497243000683881
UNSW,14,random,topn,0.5167534125319856
UNSW,14,random,random_n,0.5736984069124023
UNSW,15,random,topn,0.5140580698650242
UNSW,15,random,random_n,0.5473499430244374
UNSW,16,random,topn,0.6014135208051862
UNSW,16,random,random_n,0.6649766957482388
UNSW,17,random,topn,0.6220825841377909
UNSW,17,random,random_n,0.5698886317904163
UNSW,18,random,topn,0.5687640175625434
UNSW,18,random,random_n,0.5339638851078833
UNSW,19,random,topn,0.6688410007237402
UNSW,19,random,random_n,0.5146660008104078
UNSW,20,random,topn,0.4934296321504772
UNSW,20,random,random_n,0.5883244340887709
UNSW,21,random,topn,0.4701380304072815
UNSW,21,random,random_n,0.6351010637626825
UNSW,22,random,topn,0.6124170085634929
UNSW,22,random,random_n,0.5504206542140965
UNSW,23,random,topn,0.6009083604578821
UNSW,23,random,random_n,0.5777721226324669
UNSW,24,random,topn,0.5151647876579555
UNSW,24,random,random_n,0.6321577912099065
UNSW,25,random,topn,0.5919196643621709
UNSW,25,random,random_n,0.6145694714331809
UNSW,26,random,topn,0.6430754041576304
UNSW,26,random,random_n,0.5623289075248862
UNSW,27,random,topn,0.6442850338816312
UNSW,27,random,random_n,0.6265893846911946
UNSW,28,random,topn,0.5550877799575833
UNSW,28,random,random_n,0.6708761060738325
UNSW,29,random,topn,0.44187712015412123
UNSW,29,random,random_n,0.5635788167105725
UNSW,30,random,topn,0.5777453928754922
UNSW,30,random,random_n,0.49763010533081126
UNSW,31,random,topn,0.5607544869798909
UNSW,31,random,random_n,0.5631652992983754
UNSW,32,random,topn,0.5437689564676722
UNSW,32,random,random_n,0.5200819283904415
UNSW,33,random,topn,0.5170304315569297
UNSW,33,random,random_n,0.5724677148338605
UNSW,34,random,topn,0.4825353070388608
UNSW,34,random,random_n,0.5158476848873489
UNSW,35,random,topn,0.4390333164762447
UNSW,35,random,random_n,0.5123810049593384
UNSW,36,random,topn,0.6283222091952947
UNSW,36,random,random_n,0.5587976159479077
UNSW,37,random,topn,0.5590304374186107
UNSW,37,random,random_n,0.5765127258820167
UNSW,38,random,topn,0.6111162754442986
UNSW,38,random,random_n,0.5401581273513618
UNSW,39,random,topn,0.5560813645307207
UNSW,39,random,random_n,0.6046136586059362
UNSW,40,random,topn,0.6559303321554428
UNSW,40,random,random_n,0.5323835159995701
UNSW,41,random,topn,0.5783026060118549
UNSW,41,random,random_n,0.7078765183435386
UNSW,42,random,topn,0.5014976260949738
UNSW,42,random,random_n,0.525804041071256
UNSW,43,random,topn,0.49410020724495873
UNSW,43,random,random_n,0.6137411689827301
UNSW,44,random,topn,0.5888119503003328
UNSW,44,random,random_n,0.6284348025277717
UNSW,45,random,topn,0.6042939766505432
UNSW,45,random,random_n,0.6562046566421061
UNSW,46,random,topn,0.6072575157617147
UNSW,46,random,random_n,0.6975954806232574
UNSW,47,random,topn,0.5110557199199292
UNSW,47,random,random_n,0.5380540674902109
UNSW,48,random,topn,0.6261919164327968
UNSW,48,random,random_n,0.6791217250389624
UNSW,49,random,topn,0.5284323839839046
UNSW,49,random,random_n,0.6510574539785386
